i;j;dx;dy;dz;Jij;χ⁰↑;χ⁰↓
1;1;-1.0;-1.0;-1.0;0.0;0.00271554;0.00271554
1;1;-1.0;0.0;0.0;0.0;0.00271554;0.00271554
1;1;0.0;-1.0;0.0;0.0;0.00271554;0.00271554
1;1;0.0;0.0;-1.0;0.0;0.00271554;0.00271554
1;1;0.0;0.0;1.0;0.0;0.00271554;0.00271554
1;1;0.0;1.0;0.0;0.0;0.00271554;0.00271554
1;1;1.0;0.0;0.0;0.0;0.00271554;0.00271554
1;1;1.0;1.0;1.0;0.0;0.00271554;0.00271554
1;1;-1.0;-1.0;0.0;0.0;0.000736689;0.000736689
1;1;-1.0;0.0;-1.0;0.0;0.000736689;0.000736689
1;1;0.0;-1.0;-1.0;0.0;0.000736689;0.000736689
1;1;0.0;1.0;1.0;0.0;0.000736689;0.000736689
1;1;1.0;0.0;1.0;0.0;0.000736689;0.000736689
1;1;1.0;1.0;0.0;0.0;0.000736689;0.000736689
1;1;-2.0;-1.0;-1.0;0.0;-0.000127503;-0.000127503
1;1;-1.0;-2.0;-1.0;0.0;-0.000127503;-0.000127503
1;1;-1.0;-1.0;-2.0;0.0;-0.000127503;-0.000127503
1;1;-1.0;0.0;1.0;0.0;-0.000127503;-0.000127503
1;1;-1.0;1.0;0.0;0.0;-0.000127503;-0.000127503
1;1;0.0;-1.0;1.0;0.0;-0.000127503;-0.000127503
1;1;0.0;1.0;-1.0;0.0;-0.000127503;-0.000127503
1;1;1.0;-1.0;0.0;0.0;-0.000127503;-0.000127503
1;1;1.0;0.0;-1.0;0.0;-0.000127503;-0.000127503
1;1;1.0;1.0;2.0;0.0;-0.000127503;-0.000127503
1;1;1.0;2.0;1.0;0.0;-0.000127503;-0.000127503
1;1;2.0;1.0;1.0;0.0;-0.000127503;-0.000127503
1;1;-2.0;-1.0;-2.0;0.0;0.000326351;0.000326351
1;1;-2.0;0.0;-1.0;0.0;0.000326351;0.000326351
1;1;-1.0;0.0;-2.0;0.0;0.000326351;0.000326351
1;1;-1.0;1.0;-1.0;0.0;0.000326351;0.000326351
1;1;1.0;-1.0;1.0;0.0;0.000326351;0.000326351
1;1;1.0;0.0;2.0;0.0;0.000326351;0.000326351
1;1;2.0;0.0;1.0;0.0;0.000326351;0.000326351
1;1;2.0;1.0;2.0;0.0;0.000326351;0.000326351
1;1;-2.0;-2.0;-1.0;0.0;0.000326351;0.000326351
1;1;-2.0;-1.0;0.0;0.0;0.000326351;0.000326351
1;1;-1.0;-2.0;-2.0;0.0;0.000326351;0.000326351
1;1;-1.0;-2.0;0.0;0.0;0.000326351;0.000326351
1;1;-1.0;-1.0;1.0;0.0;0.000326351;0.000326351
1;1;-1.0;1.0;1.0;0.0;0.000326351;0.000326351
1;1;0.0;-2.0;-1.0;0.0;0.000326351;0.000326351
1;1;0.0;-1.0;-2.0;0.0;0.000326351;0.000326351
1;1;0.0;1.0;2.0;0.0;0.000326351;0.000326351
1;1;0.0;2.0;1.0;0.0;0.000326351;0.000326351
1;1;1.0;-1.0;-1.0;0.0;0.000326351;0.000326351
1;1;1.0;1.0;-1.0;0.0;0.000326351;0.000326351
1;1;1.0;2.0;0.0;0.0;0.000326351;0.000326351
1;1;1.0;2.0;2.0;0.0;0.000326351;0.000326351
1;1;2.0;1.0;0.0;0.0;0.000326351;0.000326351
1;1;2.0;2.0;1.0;0.0;0.000326351;0.000326351
1;1;-2.0;-2.0;-2.0;0.0;0.000238389;0.000238389
1;1;-2.0;0.0;0.0;0.0;0.000238389;0.000238389
1;1;0.0;-2.0;0.0;0.0;0.000238389;0.000238389
1;1;0.0;0.0;-2.0;0.0;0.000238389;0.000238389
1;1;0.0;0.0;2.0;0.0;0.000238389;0.000238389
1;1;0.0;2.0;0.0;0.0;0.000238389;0.000238389
1;1;2.0;0.0;0.0;0.0;0.000238389;0.000238389
1;1;2.0;2.0;2.0;0.0;0.000238389;0.000238389
1;1;-2.0;-2.0;0.0;0.0;-0.000165339;-0.000165339
1;1;-2.0;0.0;-2.0;0.0;-0.000165339;-0.000165339
1;1;0.0;-2.0;-2.0;0.0;-0.000165339;-0.000165339
1;1;0.0;2.0;2.0;0.0;-0.000165339;-0.000165339
1;1;2.0;0.0;2.0;0.0;-0.000165339;-0.000165339
1;1;2.0;2.0;0.0;0.0;-0.000165339;-0.000165339
1;1;-3.0;-1.0;-1.0;0.0;-6.8419e-05;-6.8419e-05
1;1;-2.0;-2.0;-3.0;0.0;-6.8419e-05;-6.8419e-05
1;1;-2.0;1.0;0.0;0.0;-6.8419e-05;-6.8419e-05
1;1;-1.0;-1.0;-3.0;0.0;-6.8419e-05;-6.8419e-05
1;1;-1.0;2.0;0.0;0.0;-6.8419e-05;-6.8419e-05
1;1;0.0;-2.0;1.0;0.0;-6.8419e-05;-6.8419e-05
1;1;0.0;-1.0;2.0;0.0;-6.8419e-05;-6.8419e-05
1;1;0.0;1.0;-2.0;0.0;-6.8419e-05;-6.8419e-05
1;1;0.0;2.0;-1.0;0.0;-6.8419e-05;-6.8419e-05
1;1;1.0;-2.0;0.0;0.0;-6.8419e-05;-6.8419e-05
1;1;1.0;1.0;3.0;0.0;-6.8419e-05;-6.8419e-05
1;1;2.0;-1.0;0.0;0.0;-6.8419e-05;-6.8419e-05
1;1;2.0;2.0;3.0;0.0;-6.8419e-05;-6.8419e-05
1;1;3.0;1.0;1.0;0.0;-6.8419e-05;-6.8419e-05
1;1;-3.0;-2.0;-2.0;0.0;-6.8419e-05;-6.8419e-05
1;1;-2.0;-3.0;-2.0;0.0;-6.8419e-05;-6.8419e-05
1;1;-2.0;0.0;1.0;0.0;-6.8419e-05;-6.8419e-05
1;1;-1.0;-3.0;-1.0;0.0;-6.8419e-05;-6.8419e-05
1;1;-1.0;0.0;2.0;0.0;-6.8419e-05;-6.8419e-05
1;1;1.0;0.0;-2.0;0.0;-6.8419e-05;-6.8419e-05
1;1;1.0;3.0;1.0;0.0;-6.8419e-05;-6.8419e-05
1;1;2.0;0.0;-1.0;0.0;-6.8419e-05;-6.8419e-05
1;1;2.0;3.0;2.0;0.0;-6.8419e-05;-6.8419e-05
1;1;3.0;2.0;2.0;0.0;-6.8419e-05;-6.8419e-05
1;1;-3.0;-1.0;-2.0;0.0;-5.31305e-06;-5.31305e-06
1;1;-2.0;-1.0;-3.0;0.0;-5.31305e-06;-5.31305e-06
1;1;-2.0;-1.0;1.0;0.0;-5.31305e-06;-5.31305e-06
1;1;-2.0;1.0;-1.0;0.0;-5.31305e-06;-5.31305e-06
1;1;-1.0;-3.0;-2.0;0.0;-5.31305e-06;-5.31305e-06
1;1;-1.0;-2.0;-3.0;0.0;-5.31305e-06;-5.31305e-06
1;1;-1.0;-2.0;1.0;0.0;-5.31305e-06;-5.31305e-06
1;1;-1.0;1.0;-2.0;0.0;-5.31305e-06;-5.31305e-06
1;1;-1.0;1.0;2.0;0.0;-5.31305e-06;-5.31305e-06
1;1;-1.0;2.0;1.0;0.0;-5.31305e-06;-5.31305e-06
1;1;1.0;-2.0;-1.0;0.0;-5.31305e-06;-5.31305e-06
1;1;1.0;-1.0;-2.0;0.0;-5.31305e-06;-5.31305e-06
1;1;1.0;-1.0;2.0;0.0;-5.31305e-06;-5.31305e-06
1;1;1.0;2.0;-1.0;0.0;-5.31305e-06;-5.31305e-06
1;1;1.0;2.0;3.0;0.0;-5.31305e-06;-5.31305e-06
1;1;1.0;3.0;2.0;0.0;-5.31305e-06;-5.31305e-06
1;1;2.0;-1.0;1.0;0.0;-5.31305e-06;-5.31305e-06
1;1;2.0;1.0;-1.0;0.0;-5.31305e-06;-5.31305e-06
1;1;2.0;1.0;3.0;0.0;-5.31305e-06;-5.31305e-06
1;1;3.0;1.0;2.0;0.0;-5.31305e-06;-5.31305e-06
1;1;-3.0;-2.0;-1.0;0.0;-5.31305e-06;-5.31305e-06
1;1;-2.0;-3.0;-1.0;0.0;-5.31305e-06;-5.31305e-06
1;1;2.0;3.0;1.0;0.0;-5.31305e-06;-5.31305e-06
1;1;3.0;2.0;1.0;0.0;-5.31305e-06;-5.31305e-06
1;1;-3.0;-3.0;-2.0;0.0;9.40238e-05;9.40238e-05
1;1;-3.0;-2.0;-3.0;0.0;9.40238e-05;9.40238e-05
1;1;-3.0;-1.0;0.0;0.0;9.40238e-05;9.40238e-05
1;1;-3.0;0.0;-1.0;0.0;9.40238e-05;9.40238e-05
1;1;-2.0;-3.0;-3.0;0.0;9.40238e-05;9.40238e-05
1;1;-2.0;1.0;1.0;0.0;9.40238e-05;9.40238e-05
1;1;-1.0;-3.0;0.0;0.0;9.40238e-05;9.40238e-05
1;1;-1.0;-1.0;2.0;0.0;9.40238e-05;9.40238e-05
1;1;-1.0;0.0;-3.0;0.0;9.40238e-05;9.40238e-05
1;1;-1.0;2.0;-1.0;0.0;9.40238e-05;9.40238e-05
1;1;0.0;-3.0;-1.0;0.0;9.40238e-05;9.40238e-05
1;1;0.0;-1.0;-3.0;0.0;9.40238e-05;9.40238e-05
1;1;0.0;1.0;3.0;0.0;9.40238e-05;9.40238e-05
1;1;0.0;3.0;1.0;0.0;9.40238e-05;9.40238e-05
1;1;1.0;-2.0;1.0;0.0;9.40238e-05;9.40238e-05
1;1;1.0;0.0;3.0;0.0;9.40238e-05;9.40238e-05
1;1;1.0;1.0;-2.0;0.0;9.40238e-05;9.40238e-05
1;1;1.0;3.0;0.0;0.0;9.40238e-05;9.40238e-05
1;1;2.0;-1.0;-1.0;0.0;9.40238e-05;9.40238e-05
1;1;2.0;3.0;3.0;0.0;9.40238e-05;9.40238e-05
1;1;3.0;0.0;1.0;0.0;9.40238e-05;9.40238e-05
1;1;3.0;1.0;0.0;0.0;9.40238e-05;9.40238e-05
1;1;3.0;2.0;3.0;0.0;9.40238e-05;9.40238e-05
1;1;3.0;3.0;2.0;0.0;9.40238e-05;9.40238e-05
1;1;-3.0;-3.0;-3.0;0.0;2.90745e-05;2.90745e-05
1;1;-3.0;0.0;0.0;0.0;2.90745e-05;2.90745e-05
1;1;0.0;-3.0;0.0;0.0;2.90745e-05;2.90745e-05
1;1;0.0;0.0;-3.0;0.0;2.90745e-05;2.90745e-05
1;1;0.0;0.0;3.0;0.0;2.90745e-05;2.90745e-05
1;1;0.0;3.0;0.0;0.0;2.90745e-05;2.90745e-05
1;1;3.0;0.0;0.0;0.0;2.90745e-05;2.90745e-05
1;1;3.0;3.0;3.0;0.0;2.90745e-05;2.90745e-05
1;1;-3.0;-3.0;-1.0;0.0;2.3402e-05;2.3402e-05
1;1;-3.0;-2.0;0.0;0.0;2.3402e-05;2.3402e-05
1;1;-3.0;-1.0;-3.0;0.0;2.3402e-05;2.3402e-05
1;1;-3.0;0.0;-2.0;0.0;2.3402e-05;2.3402e-05
1;1;-2.0;-3.0;0.0;0.0;2.3402e-05;2.3402e-05
1;1;-2.0;-2.0;1.0;0.0;2.3402e-05;2.3402e-05
1;1;-2.0;0.0;-3.0;0.0;2.3402e-05;2.3402e-05
1;1;-2.0;1.0;-2.0;0.0;2.3402e-05;2.3402e-05
1;1;-1.0;-3.0;-3.0;0.0;2.3402e-05;2.3402e-05
1;1;-1.0;2.0;2.0;0.0;2.3402e-05;2.3402e-05
1;1;0.0;-3.0;-2.0;0.0;2.3402e-05;2.3402e-05
1;1;0.0;-2.0;-3.0;0.0;2.3402e-05;2.3402e-05
1;1;0.0;2.0;3.0;0.0;2.3402e-05;2.3402e-05
1;1;0.0;3.0;2.0;0.0;2.3402e-05;2.3402e-05
1;1;1.0;-2.0;-2.0;0.0;2.3402e-05;2.3402e-05
1;1;1.0;3.0;3.0;0.0;2.3402e-05;2.3402e-05
1;1;2.0;-1.0;2.0;0.0;2.3402e-05;2.3402e-05
1;1;2.0;0.0;3.0;0.0;2.3402e-05;2.3402e-05
1;1;2.0;2.0;-1.0;0.0;2.3402e-05;2.3402e-05
1;1;2.0;3.0;0.0;0.0;2.3402e-05;2.3402e-05
1;1;3.0;0.0;2.0;0.0;2.3402e-05;2.3402e-05
1;1;3.0;1.0;3.0;0.0;2.3402e-05;2.3402e-05
1;1;3.0;2.0;0.0;0.0;2.3402e-05;2.3402e-05
1;1;3.0;3.0;1.0;0.0;2.3402e-05;2.3402e-05
1;1;-4.0;-2.0;-2.0;0.0;-6.19343e-05;-6.19343e-05
1;1;-2.0;-4.0;-2.0;0.0;-6.19343e-05;-6.19343e-05
1;1;-2.0;-2.0;-4.0;0.0;-6.19343e-05;-6.19343e-05
1;1;-2.0;0.0;2.0;0.0;-6.19343e-05;-6.19343e-05
1;1;-2.0;2.0;0.0;0.0;-6.19343e-05;-6.19343e-05
1;1;0.0;-2.0;2.0;0.0;-6.19343e-05;-6.19343e-05
1;1;0.0;2.0;-2.0;0.0;-6.19343e-05;-6.19343e-05
1;1;2.0;-2.0;0.0;0.0;-6.19343e-05;-6.19343e-05
1;1;2.0;0.0;-2.0;0.0;-6.19343e-05;-6.19343e-05
1;1;2.0;2.0;4.0;0.0;-6.19343e-05;-6.19343e-05
1;1;2.0;4.0;2.0;0.0;-6.19343e-05;-6.19343e-05
1;1;4.0;2.0;2.0;0.0;-6.19343e-05;-6.19343e-05
1;1;-4.0;-3.0;-2.0;0.0;-3.35571e-05;-3.35571e-05
1;1;-3.0;-4.0;-2.0;0.0;-3.35571e-05;-3.35571e-05
1;1;3.0;4.0;2.0;0.0;-3.35571e-05;-3.35571e-05
1;1;4.0;3.0;2.0;0.0;-3.35571e-05;-3.35571e-05
1;1;-4.0;-2.0;-3.0;0.0;-3.35571e-05;-3.35571e-05
1;1;-4.0;-2.0;-1.0;0.0;-3.35571e-05;-3.35571e-05
1;1;-2.0;-4.0;-3.0;0.0;-3.35571e-05;-3.35571e-05
1;1;-2.0;1.0;2.0;0.0;-3.35571e-05;-3.35571e-05
1;1;-1.0;-3.0;1.0;0.0;-3.35571e-05;-3.35571e-05
1;1;-1.0;-2.0;2.0;0.0;-3.35571e-05;-3.35571e-05
1;1;-1.0;1.0;-3.0;0.0;-3.35571e-05;-3.35571e-05
1;1;-1.0;1.0;3.0;0.0;-3.35571e-05;-3.35571e-05
1;1;-1.0;2.0;-2.0;0.0;-3.35571e-05;-3.35571e-05
1;1;1.0;-2.0;2.0;0.0;-3.35571e-05;-3.35571e-05
1;1;1.0;-1.0;-3.0;0.0;-3.35571e-05;-3.35571e-05
1;1;1.0;-1.0;3.0;0.0;-3.35571e-05;-3.35571e-05
1;1;1.0;2.0;-2.0;0.0;-3.35571e-05;-3.35571e-05
1;1;1.0;3.0;-1.0;0.0;-3.35571e-05;-3.35571e-05
1;1;2.0;-1.0;-2.0;0.0;-3.35571e-05;-3.35571e-05
1;1;2.0;4.0;3.0;0.0;-3.35571e-05;-3.35571e-05
1;1;4.0;2.0;1.0;0.0;-3.35571e-05;-3.35571e-05
1;1;4.0;2.0;3.0;0.0;-3.35571e-05;-3.35571e-05
1;1;-4.0;-1.0;-2.0;0.0;-3.35571e-05;-3.35571e-05
1;1;-3.0;-2.0;-4.0;0.0;-3.35571e-05;-3.35571e-05
1;1;-3.0;-1.0;1.0;0.0;-3.35571e-05;-3.35571e-05
1;1;-3.0;1.0;-1.0;0.0;-3.35571e-05;-3.35571e-05
1;1;-2.0;-4.0;-1.0;0.0;-3.35571e-05;-3.35571e-05
1;1;-2.0;-3.0;-4.0;0.0;-3.35571e-05;-3.35571e-05
1;1;-2.0;-1.0;-4.0;0.0;-3.35571e-05;-3.35571e-05
1;1;-2.0;-1.0;2.0;0.0;-3.35571e-05;-3.35571e-05
1;1;-2.0;2.0;-1.0;0.0;-3.35571e-05;-3.35571e-05
1;1;-2.0;2.0;1.0;0.0;-3.35571e-05;-3.35571e-05
1;1;-1.0;-4.0;-2.0;0.0;-3.35571e-05;-3.35571e-05
1;1;-1.0;-2.0;-4.0;0.0;-3.35571e-05;-3.35571e-05
1;1;-1.0;3.0;1.0;0.0;-3.35571e-05;-3.35571e-05
1;1;1.0;-3.0;-1.0;0.0;-3.35571e-05;-3.35571e-05
1;1;1.0;2.0;4.0;0.0;-3.35571e-05;-3.35571e-05
1;1;1.0;4.0;2.0;0.0;-3.35571e-05;-3.35571e-05
1;1;2.0;-2.0;-1.0;0.0;-3.35571e-05;-3.35571e-05
1;1;2.0;-2.0;1.0;0.0;-3.35571e-05;-3.35571e-05
1;1;2.0;1.0;-2.0;0.0;-3.35571e-05;-3.35571e-05
1;1;2.0;1.0;4.0;0.0;-3.35571e-05;-3.35571e-05
1;1;2.0;3.0;4.0;0.0;-3.35571e-05;-3.35571e-05
1;1;2.0;4.0;1.0;0.0;-3.35571e-05;-3.35571e-05
1;1;3.0;-1.0;1.0;0.0;-3.35571e-05;-3.35571e-05
1;1;3.0;1.0;-1.0;0.0;-3.35571e-05;-3.35571e-05
1;1;3.0;2.0;4.0;0.0;-3.35571e-05;-3.35571e-05
1;1;4.0;1.0;2.0;0.0;-3.35571e-05;-3.35571e-05
1;1;-4.0;-3.0;-3.0;0.0;-1.66961e-05;-1.66961e-05
1;1;-4.0;-1.0;-1.0;0.0;-1.66961e-05;-1.66961e-05
1;1;-3.0;-4.0;-3.0;0.0;-1.66961e-05;-1.66961e-05
1;1;-3.0;-3.0;-4.0;0.0;-1.66961e-05;-1.66961e-05
1;1;-3.0;-3.0;0.0;0.0;-1.28455e-05;-1.28455e-05
1;1;-3.0;0.0;-3.0;0.0;-1.28455e-05;-1.28455e-05
1;1;-3.0;0.0;1.0;0.0;-1.66961e-05;-1.66961e-05
1;1;-3.0;1.0;0.0;0.0;-1.66961e-05;-1.66961e-05
1;1;-1.0;-4.0;-1.0;0.0;-1.66961e-05;-1.66961e-05
1;1;-1.0;-1.0;-4.0;0.0;-1.66961e-05;-1.66961e-05
1;1;-1.0;0.0;3.0;0.0;-1.66961e-05;-1.66961e-05
1;1;-1.0;3.0;0.0;0.0;-1.66961e-05;-1.66961e-05
1;1;0.0;-3.0;-3.0;0.0;-1.28455e-05;-1.28455e-05
1;1;0.0;-3.0;1.0;0.0;-1.66961e-05;-1.66961e-05
1;1;0.0;-1.0;3.0;0.0;-1.66961e-05;-1.66961e-05
1;1;0.0;1.0;-3.0;0.0;-1.66961e-05;-1.66961e-05
1;1;0.0;3.0;-1.0;0.0;-1.66961e-05;-1.66961e-05
1;1;0.0;3.0;3.0;0.0;-1.28455e-05;-1.28455e-05
1;1;1.0;-3.0;0.0;0.0;-1.66961e-05;-1.66961e-05
1;1;1.0;0.0;-3.0;0.0;-1.66961e-05;-1.66961e-05
1;1;1.0;1.0;4.0;0.0;-1.66961e-05;-1.66961e-05
1;1;1.0;4.0;1.0;0.0;-1.66961e-05;-1.66961e-05
1;1;3.0;-1.0;0.0;0.0;-1.66961e-05;-1.66961e-05
1;1;3.0;0.0;-1.0;0.0;-1.66961e-05;-1.66961e-05
1;1;3.0;0.0;3.0;0.0;-1.28455e-05;-1.28455e-05
1;1;3.0;3.0;0.0;0.0;-1.28455e-05;-1.28455e-05
1;1;3.0;3.0;4.0;0.0;-1.66961e-05;-1.66961e-05
1;1;3.0;4.0;3.0;0.0;-1.66961e-05;-1.66961e-05
1;1;4.0;1.0;1.0;0.0;-1.66961e-05;-1.66961e-05
1;1;4.0;3.0;3.0;0.0;-1.66961e-05;-1.66961e-05
1;1;-4.0;-3.0;-1.0;0.0;3.41435e-05;3.41435e-05
1;1;-3.0;-4.0;-1.0;0.0;3.41435e-05;3.41435e-05
1;1;3.0;4.0;1.0;0.0;3.41435e-05;3.41435e-05
1;1;4.0;3.0;1.0;0.0;3.41435e-05;3.41435e-05
1;1;-3.0;-1.0;-4.0;0.0;3.41435e-05;3.41435e-05
1;1;-3.0;1.0;-2.0;0.0;3.41435e-05;3.41435e-05
1;1;-2.0;1.0;-3.0;0.0;3.41435e-05;3.41435e-05
1;1;-1.0;2.0;3.0;0.0;3.41435e-05;3.41435e-05
1;1;1.0;-2.0;-3.0;0.0;3.41435e-05;3.41435e-05
1;1;2.0;-1.0;3.0;0.0;3.41435e-05;3.41435e-05
1;1;3.0;-1.0;2.0;0.0;3.41435e-05;3.41435e-05
1;1;3.0;1.0;4.0;0.0;3.41435e-05;3.41435e-05
1;1;-4.0;-1.0;-3.0;0.0;3.41435e-05;3.41435e-05
1;1;-3.0;-2.0;1.0;0.0;3.41435e-05;3.41435e-05
1;1;-2.0;-3.0;1.0;0.0;3.41435e-05;3.41435e-05
1;1;-1.0;-4.0;-3.0;0.0;3.41435e-05;3.41435e-05
1;1;-1.0;-3.0;-4.0;0.0;3.41435e-05;3.41435e-05
1;1;-1.0;3.0;2.0;0.0;3.41435e-05;3.41435e-05
1;1;1.0;-3.0;-2.0;0.0;3.41435e-05;3.41435e-05
1;1;1.0;3.0;4.0;0.0;3.41435e-05;3.41435e-05
1;1;1.0;4.0;3.0;0.0;3.41435e-05;3.41435e-05
1;1;2.0;3.0;-1.0;0.0;3.41435e-05;3.41435e-05
1;1;3.0;2.0;-1.0;0.0;3.41435e-05;3.41435e-05
1;1;4.0;1.0;3.0;0.0;3.41435e-05;3.41435e-05
1;1;-4.0;-4.0;-3.0;0.0;3.44024e-05;3.44024e-05
1;1;-4.0;-3.0;-4.0;0.0;3.44024e-05;3.44024e-05
1;1;-4.0;-1.0;0.0;0.0;3.44024e-05;3.44024e-05
1;1;-4.0;0.0;-1.0;0.0;3.44024e-05;3.44024e-05
1;1;-3.0;-4.0;-4.0;0.0;3.44024e-05;3.44024e-05
1;1;-3.0;1.0;1.0;0.0;3.44024e-05;3.44024e-05
1;1;-1.0;-4.0;0.0;0.0;3.44024e-05;3.44024e-05
1;1;-1.0;-1.0;3.0;0.0;3.44024e-05;3.44024e-05
1;1;-1.0;0.0;-4.0;0.0;3.44024e-05;3.44024e-05
1;1;-1.0;3.0;-1.0;0.0;3.44024e-05;3.44024e-05
1;1;0.0;-4.0;-1.0;0.0;3.44024e-05;3.44024e-05
1;1;0.0;-1.0;-4.0;0.0;3.44024e-05;3.44024e-05
1;1;0.0;1.0;4.0;0.0;3.44024e-05;3.44024e-05
1;1;0.0;4.0;1.0;0.0;3.44024e-05;3.44024e-05
1;1;1.0;-3.0;1.0;0.0;3.44024e-05;3.44024e-05
1;1;1.0;0.0;4.0;0.0;3.44024e-05;3.44024e-05
1;1;1.0;1.0;-3.0;0.0;3.44024e-05;3.44024e-05
1;1;1.0;4.0;0.0;0.0;3.44024e-05;3.44024e-05
1;1;3.0;-1.0;-1.0;0.0;3.44024e-05;3.44024e-05
1;1;3.0;4.0;4.0;0.0;3.44024e-05;3.44024e-05
1;1;4.0;0.0;1.0;0.0;3.44024e-05;3.44024e-05
1;1;4.0;1.0;0.0;0.0;3.44024e-05;3.44024e-05
1;1;4.0;3.0;4.0;0.0;3.44024e-05;3.44024e-05
1;1;4.0;4.0;3.0;0.0;3.44024e-05;3.44024e-05
1;1;-4.0;-2.0;-4.0;0.0;3.05368e-05;3.05368e-05
1;1;-4.0;0.0;-2.0;0.0;3.05368e-05;3.05368e-05
1;1;-2.0;0.0;-4.0;0.0;3.05368e-05;3.05368e-05
1;1;-2.0;2.0;-2.0;0.0;3.05368e-05;3.05368e-05
1;1;2.0;-2.0;2.0;0.0;3.05368e-05;3.05368e-05
1;1;2.0;0.0;4.0;0.0;3.05368e-05;3.05368e-05
1;1;4.0;0.0;2.0;0.0;3.05368e-05;3.05368e-05
1;1;4.0;2.0;4.0;0.0;3.05368e-05;3.05368e-05
1;1;-4.0;-4.0;-2.0;0.0;3.05368e-05;3.05368e-05
1;1;-4.0;-2.0;0.0;0.0;3.05368e-05;3.05368e-05
1;1;-2.0;-4.0;-4.0;0.0;3.05368e-05;3.05368e-05
1;1;-2.0;-4.0;0.0;0.0;3.05368e-05;3.05368e-05
1;1;-2.0;-2.0;2.0;0.0;3.05368e-05;3.05368e-05
1;1;-2.0;2.0;2.0;0.0;3.05368e-05;3.05368e-05
1;1;0.0;-4.0;-2.0;0.0;3.05368e-05;3.05368e-05
1;1;0.0;-2.0;-4.0;0.0;3.05368e-05;3.05368e-05
1;1;0.0;2.0;4.0;0.0;3.05368e-05;3.05368e-05
1;1;0.0;4.0;2.0;0.0;3.05368e-05;3.05368e-05
1;1;2.0;-2.0;-2.0;0.0;3.05368e-05;3.05368e-05
1;1;2.0;2.0;-2.0;0.0;3.05368e-05;3.05368e-05
1;1;2.0;4.0;0.0;0.0;3.05368e-05;3.05368e-05
1;1;2.0;4.0;4.0;0.0;3.05368e-05;3.05368e-05
1;1;4.0;2.0;0.0;0.0;3.05368e-05;3.05368e-05
1;1;4.0;4.0;2.0;0.0;3.05368e-05;3.05368e-05
1;1;-4.0;-4.0;-4.0;0.0;-4.37898e-06;-4.37898e-06
1;1;-4.0;0.0;0.0;0.0;-4.37898e-06;-4.37898e-06
1;1;0.0;-4.0;0.0;0.0;-4.37898e-06;-4.37898e-06
1;1;0.0;0.0;-4.0;0.0;-4.37898e-06;-4.37898e-06
1;1;0.0;0.0;4.0;0.0;-4.37898e-06;-4.37898e-06
1;1;0.0;4.0;0.0;0.0;-4.37898e-06;-4.37898e-06
1;1;4.0;0.0;0.0;0.0;-4.37898e-06;-4.37898e-06
1;1;4.0;4.0;4.0;0.0;-4.37898e-06;-4.37898e-06
1;1;-4.0;-4.0;-1.0;0.0;-2.43649e-05;-2.43649e-05
1;1;-4.0;-3.0;0.0;0.0;-2.43649e-05;-2.43649e-05
1;1;-4.0;-1.0;-4.0;0.0;-2.43649e-05;-2.43649e-05
1;1;-4.0;0.0;-3.0;0.0;-2.43649e-05;-2.43649e-05
1;1;-3.0;-4.0;0.0;0.0;-2.43649e-05;-2.43649e-05
1;1;-3.0;-3.0;1.0;0.0;-2.43649e-05;-2.43649e-05
1;1;-3.0;0.0;-4.0;0.0;-2.43649e-05;-2.43649e-05
1;1;-3.0;1.0;-3.0;0.0;-2.43649e-05;-2.43649e-05
1;1;-2.0;-5.0;-2.0;0.0;-2.17523e-05;-2.17523e-05
1;1;-1.0;-4.0;-4.0;0.0;-2.43649e-05;-2.43649e-05
1;1;-1.0;3.0;3.0;0.0;-2.43649e-05;-2.43649e-05
1;1;0.0;-4.0;-3.0;0.0;-2.43649e-05;-2.43649e-05
1;1;0.0;-3.0;-4.0;0.0;-2.43649e-05;-2.43649e-05
1;1;0.0;3.0;4.0;0.0;-2.43649e-05;-2.43649e-05
1;1;0.0;4.0;3.0;0.0;-2.43649e-05;-2.43649e-05
1;1;1.0;-3.0;-3.0;0.0;-2.43649e-05;-2.43649e-05
1;1;1.0;4.0;4.0;0.0;-2.43649e-05;-2.43649e-05
1;1;2.0;5.0;2.0;0.0;-2.17523e-05;-2.17523e-05
1;1;3.0;-1.0;3.0;0.0;-2.43649e-05;-2.43649e-05
1;1;3.0;0.0;4.0;0.0;-2.43649e-05;-2.43649e-05
1;1;3.0;3.0;-1.0;0.0;-2.43649e-05;-2.43649e-05
1;1;3.0;4.0;0.0;0.0;-2.43649e-05;-2.43649e-05
1;1;4.0;0.0;3.0;0.0;-2.43649e-05;-2.43649e-05
1;1;4.0;1.0;4.0;0.0;-2.43649e-05;-2.43649e-05
1;1;4.0;3.0;0.0;0.0;-2.43649e-05;-2.43649e-05
1;1;4.0;4.0;1.0;0.0;-2.43649e-05;-2.43649e-05
1;1;-5.0;-3.0;-3.0;0.0;-2.17523e-05;-2.17523e-05
1;1;-5.0;-2.0;-2.0;0.0;-2.17523e-05;-2.17523e-05
1;1;-3.0;-5.0;-3.0;0.0;-2.17523e-05;-2.17523e-05
1;1;-3.0;-3.0;-5.0;0.0;-2.17523e-05;-2.17523e-05
1;1;-3.0;0.0;2.0;0.0;-2.17523e-05;-2.17523e-05
1;1;-3.0;2.0;0.0;0.0;-2.17523e-05;-2.17523e-05
1;1;-2.0;-2.0;-5.0;0.0;-2.17523e-05;-2.17523e-05
1;1;-2.0;0.0;3.0;0.0;-2.17523e-05;-2.17523e-05
1;1;-2.0;3.0;0.0;0.0;-2.17523e-05;-2.17523e-05
1;1;0.0;-3.0;2.0;0.0;-2.17523e-05;-2.17523e-05
1;1;0.0;-2.0;3.0;0.0;-2.17523e-05;-2.17523e-05
1;1;0.0;2.0;-3.0;0.0;-2.17523e-05;-2.17523e-05
1;1;0.0;3.0;-2.0;0.0;-2.17523e-05;-2.17523e-05
1;1;2.0;-3.0;0.0;0.0;-2.17523e-05;-2.17523e-05
1;1;2.0;0.0;-3.0;0.0;-2.17523e-05;-2.17523e-05
1;1;2.0;2.0;5.0;0.0;-2.17523e-05;-2.17523e-05
1;1;3.0;-2.0;0.0;0.0;-2.17523e-05;-2.17523e-05
1;1;3.0;0.0;-2.0;0.0;-2.17523e-05;-2.17523e-05
1;1;3.0;3.0;5.0;0.0;-2.17523e-05;-2.17523e-05
1;1;3.0;5.0;3.0;0.0;-2.17523e-05;-2.17523e-05
1;1;5.0;2.0;2.0;0.0;-2.17523e-05;-2.17523e-05
1;1;5.0;3.0;3.0;0.0;-2.17523e-05;-2.17523e-05
1;1;-2.0;-5.0;-3.0;0.0;-2.70989e-05;-2.70989e-05
1;1;2.0;5.0;3.0;0.0;-2.70989e-05;-2.70989e-05
1;1;-5.0;-3.0;-2.0;0.0;-2.70989e-05;-2.70989e-05
1;1;-3.0;-5.0;-2.0;0.0;-2.70989e-05;-2.70989e-05
1;1;-3.0;-2.0;-5.0;0.0;-2.70989e-05;-2.70989e-05
1;1;-3.0;-1.0;2.0;0.0;-2.70989e-05;-2.70989e-05
1;1;-2.0;-3.0;-5.0;0.0;-2.70989e-05;-2.70989e-05
1;1;-2.0;1.0;3.0;0.0;-2.70989e-05;-2.70989e-05
1;1;-1.0;-3.0;2.0;0.0;-2.70989e-05;-2.70989e-05
1;1;-1.0;2.0;-3.0;0.0;-2.70989e-05;-2.70989e-05
1;1;1.0;-2.0;3.0;0.0;-2.70989e-05;-2.70989e-05
1;1;1.0;3.0;-2.0;0.0;-2.70989e-05;-2.70989e-05
1;1;2.0;-1.0;-3.0;0.0;-2.70989e-05;-2.70989e-05
1;1;2.0;3.0;5.0;0.0;-2.70989e-05;-2.70989e-05
1;1;3.0;1.0;-2.0;0.0;-2.70989e-05;-2.70989e-05
1;1;3.0;2.0;5.0;0.0;-2.70989e-05;-2.70989e-05
1;1;3.0;5.0;2.0;0.0;-2.70989e-05;-2.70989e-05
1;1;5.0;3.0;2.0;0.0;-2.70989e-05;-2.70989e-05
1;1;-5.0;-2.0;-3.0;0.0;-2.70989e-05;-2.70989e-05
1;1;-3.0;2.0;-1.0;0.0;-2.70989e-05;-2.70989e-05
1;1;-2.0;3.0;1.0;0.0;-2.70989e-05;-2.70989e-05
1;1;2.0;-3.0;-1.0;0.0;-2.70989e-05;-2.70989e-05
1;1;3.0;-2.0;1.0;0.0;-2.70989e-05;-2.70989e-05
1;1;5.0;2.0;3.0;0.0;-2.70989e-05;-2.70989e-05
1;1;-4.0;-3.0;-5.0;0.0;-1.80647e-05;-1.80647e-05
1;1;-3.0;-4.0;-5.0;0.0;-1.80647e-05;-1.80647e-05
1;1;-2.0;-5.0;-1.0;0.0;-1.80647e-05;-1.80647e-05
1;1;-2.0;-1.0;-5.0;0.0;-1.80647e-05;-1.80647e-05
1;1;-2.0;-1.0;3.0;0.0;-1.80647e-05;-1.80647e-05
1;1;-1.0;-2.0;-5.0;0.0;-1.80647e-05;-1.80647e-05
1;1;-1.0;-2.0;3.0;0.0;-1.80647e-05;-1.80647e-05
1;1;-1.0;1.0;-4.0;0.0;-1.80647e-05;-1.80647e-05
1;1;-1.0;3.0;-2.0;0.0;-1.80647e-05;-1.80647e-05
1;1;1.0;-3.0;2.0;0.0;-1.80647e-05;-1.80647e-05
1;1;1.0;-1.0;4.0;0.0;-1.80647e-05;-1.80647e-05
1;1;1.0;2.0;-3.0;0.0;-1.80647e-05;-1.80647e-05
1;1;1.0;2.0;5.0;0.0;-1.80647e-05;-1.80647e-05
1;1;2.0;1.0;-3.0;0.0;-1.80647e-05;-1.80647e-05
1;1;2.0;1.0;5.0;0.0;-1.80647e-05;-1.80647e-05
1;1;2.0;5.0;1.0;0.0;-1.80647e-05;-1.80647e-05
1;1;3.0;4.0;5.0;0.0;-1.80647e-05;-1.80647e-05
1;1;4.0;3.0;5.0;0.0;-1.80647e-05;-1.80647e-05
1;1;-5.0;-4.0;-3.0;0.0;-1.80647e-05;-1.80647e-05
1;1;-5.0;-3.0;-4.0;0.0;-1.80647e-05;-1.80647e-05
1;1;-5.0;-2.0;-1.0;0.0;-1.80647e-05;-1.80647e-05
1;1;-4.0;-5.0;-3.0;0.0;-1.80647e-05;-1.80647e-05
1;1;-4.0;-1.0;1.0;0.0;-1.80647e-05;-1.80647e-05
1;1;-4.0;1.0;-1.0;0.0;-1.80647e-05;-1.80647e-05
1;1;-3.0;-5.0;-4.0;0.0;-1.80647e-05;-1.80647e-05
1;1;-3.0;1.0;2.0;0.0;-1.80647e-05;-1.80647e-05
1;1;-3.0;2.0;1.0;0.0;-1.80647e-05;-1.80647e-05
1;1;-2.0;3.0;-1.0;0.0;-1.80647e-05;-1.80647e-05
1;1;-1.0;-5.0;-2.0;0.0;-1.80647e-05;-1.80647e-05
1;1;-1.0;-4.0;1.0;0.0;-1.80647e-05;-1.80647e-05
1;1;-1.0;1.0;4.0;0.0;-1.80647e-05;-1.80647e-05
1;1;-1.0;4.0;1.0;0.0;-1.80647e-05;-1.80647e-05
1;1;1.0;-4.0;-1.0;0.0;-1.80647e-05;-1.80647e-05
1;1;1.0;-1.0;-4.0;0.0;-1.80647e-05;-1.80647e-05
1;1;1.0;4.0;-1.0;0.0;-1.80647e-05;-1.80647e-05
1;1;1.0;5.0;2.0;0.0;-1.80647e-05;-1.80647e-05
1;1;2.0;-3.0;1.0;0.0;-1.80647e-05;-1.80647e-05
1;1;3.0;-2.0;-1.0;0.0;-1.80647e-05;-1.80647e-05
1;1;3.0;-1.0;-2.0;0.0;-1.80647e-05;-1.80647e-05
1;1;3.0;5.0;4.0;0.0;-1.80647e-05;-1.80647e-05
1;1;4.0;-1.0;1.0;0.0;-1.80647e-05;-1.80647e-05
1;1;4.0;1.0;-1.0;0.0;-1.80647e-05;-1.80647e-05
1;1;4.0;5.0;3.0;0.0;-1.80647e-05;-1.80647e-05
1;1;5.0;2.0;1.0;0.0;-1.80647e-05;-1.80647e-05
1;1;5.0;3.0;4.0;0.0;-1.80647e-05;-1.80647e-05
1;1;5.0;4.0;3.0;0.0;-1.80647e-05;-1.80647e-05
1;1;-5.0;-1.0;-2.0;0.0;-1.80647e-05;-1.80647e-05
1;1;5.0;1.0;2.0;0.0;-1.80647e-05;-1.80647e-05
1;1;-5.0;-3.0;-1.0;0.0;-1.43776e-06;-1.43776e-06
1;1;-4.0;-2.0;-5.0;0.0;-1.43776e-06;-1.43776e-06
1;1;-4.0;-2.0;1.0;0.0;-1.43776e-06;-1.43776e-06
1;1;-3.0;-5.0;-1.0;0.0;-1.43776e-06;-1.43776e-06
1;1;-3.0;-1.0;-5.0;0.0;-1.43776e-06;-1.43776e-06
1;1;-2.0;-5.0;-4.0;0.0;-1.43776e-06;-1.43776e-06
1;1;-2.0;-4.0;-5.0;0.0;-1.43776e-06;-1.43776e-06
1;1;-2.0;-4.0;1.0;0.0;-1.43776e-06;-1.43776e-06
1;1;-2.0;1.0;-4.0;0.0;-1.43776e-06;-1.43776e-06
1;1;-2.0;2.0;-3.0;0.0;-1.43776e-06;-1.43776e-06
1;1;-2.0;2.0;3.0;0.0;-1.43776e-06;-1.43776e-06
1;1;-1.0;-5.0;-3.0;0.0;-1.43776e-06;-1.43776e-06
1;1;-1.0;-3.0;-5.0;0.0;-1.43776e-06;-1.43776e-06
1;1;-1.0;2.0;4.0;0.0;-1.43776e-06;-1.43776e-06
1;1;1.0;-2.0;-4.0;0.0;-1.43776e-06;-1.43776e-06
1;1;1.0;3.0;5.0;0.0;-1.43776e-06;-1.43776e-06
1;1;1.0;5.0;3.0;0.0;-1.43776e-06;-1.43776e-06
1;1;2.0;-2.0;-3.0;0.0;-1.43776e-06;-1.43776e-06
1;1;2.0;-2.0;3.0;0.0;-1.43776e-06;-1.43776e-06
1;1;2.0;-1.0;4.0;0.0;-1.43776e-06;-1.43776e-06
1;1;2.0;4.0;-1.0;0.0;-1.43776e-06;-1.43776e-06
1;1;2.0;4.0;5.0;0.0;-1.43776e-06;-1.43776e-06
1;1;2.0;5.0;4.0;0.0;-1.43776e-06;-1.43776e-06
1;1;3.0;1.0;5.0;0.0;-1.43776e-06;-1.43776e-06
1;1;3.0;5.0;1.0;0.0;-1.43776e-06;-1.43776e-06
1;1;4.0;2.0;-1.0;0.0;-1.43776e-06;-1.43776e-06
1;1;4.0;2.0;5.0;0.0;-1.43776e-06;-1.43776e-06
1;1;5.0;3.0;1.0;0.0;-1.43776e-06;-1.43776e-06
1;1;-5.0;-4.0;-4.0;0.0;-8.09228e-07;-8.09228e-07
1;1;-5.0;-4.0;-2.0;0.0;-1.43776e-06;-1.43776e-06
1;1;-5.0;-2.0;-4.0;0.0;-1.43776e-06;-1.43776e-06
1;1;-5.0;-1.0;-3.0;0.0;-1.43776e-06;-1.43776e-06
1;1;-5.0;-1.0;-1.0;0.0;-8.09228e-07;-8.09228e-07
1;1;-4.0;-5.0;-4.0;0.0;-8.09228e-07;-8.09228e-07
1;1;-4.0;-5.0;-2.0;0.0;-1.43776e-06;-1.43776e-06
1;1;-4.0;-4.0;-5.0;0.0;-8.09228e-07;-8.09228e-07
1;1;-4.0;0.0;1.0;0.0;-8.09228e-07;-8.09228e-07
1;1;-4.0;1.0;-2.0;0.0;-1.43776e-06;-1.43776e-06
1;1;-4.0;1.0;0.0;0.0;-8.09228e-07;-8.09228e-07
1;1;-3.0;-2.0;2.0;0.0;-1.43776e-06;-1.43776e-06
1;1;-3.0;2.0;-2.0;0.0;-1.43776e-06;-1.43776e-06
1;1;-2.0;-3.0;2.0;0.0;-1.43776e-06;-1.43776e-06
1;1;-2.0;3.0;2.0;0.0;-1.43776e-06;-1.43776e-06
1;1;-1.0;-5.0;-1.0;0.0;-8.09228e-07;-8.09228e-07
1;1;-1.0;-1.0;-5.0;0.0;-8.09228e-07;-8.09228e-07
1;1;-1.0;0.0;4.0;0.0;-8.09228e-07;-8.09228e-07
1;1;-1.0;4.0;0.0;0.0;-8.09228e-07;-8.09228e-07
1;1;-1.0;4.0;2.0;0.0;-1.43776e-06;-1.43776e-06
1;1;0.0;-4.0;1.0;0.0;-8.09228e-07;-8.09228e-07
1;1;0.0;-1.0;4.0;0.0;-8.09228e-07;-8.09228e-07
1;1;0.0;1.0;-4.0;0.0;-8.09228e-07;-8.09228e-07
1;1;0.0;4.0;-1.0;0.0;-8.09228e-07;-8.09228e-07
1;1;1.0;-4.0;-2.0;0.0;-1.43776e-06;-1.43776e-06
1;1;1.0;-4.0;0.0;0.0;-8.09228e-07;-8.09228e-07
1;1;1.0;0.0;-4.0;0.0;-8.09228e-07;-8.09228e-07
1;1;1.0;1.0;5.0;0.0;-8.09228e-07;-8.09228e-07
1;1;1.0;5.0;1.0;0.0;-8.09228e-07;-8.09228e-07
1;1;2.0;-3.0;-2.0;0.0;-1.43776e-06;-1.43776e-06
1;1;2.0;3.0;-2.0;0.0;-1.43776e-06;-1.43776e-06
1;1;3.0;-2.0;2.0;0.0;-1.43776e-06;-1.43776e-06
1;1;3.0;2.0;-2.0;0.0;-1.43776e-06;-1.43776e-06
1;1;4.0;-1.0;0.0;0.0;-8.09228e-07;-8.09228e-07
1;1;4.0;-1.0;2.0;0.0;-1.43776e-06;-1.43776e-06
1;1;4.0;0.0;-1.0;0.0;-8.09228e-07;-8.09228e-07
1;1;4.0;4.0;5.0;0.0;-8.09228e-07;-8.09228e-07
1;1;4.0;5.0;2.0;0.0;-1.43776e-06;-1.43776e-06
1;1;4.0;5.0;4.0;0.0;-8.09228e-07;-8.09228e-07
1;1;5.0;1.0;1.0;0.0;-8.09228e-07;-8.09228e-07
1;1;5.0;1.0;3.0;0.0;-1.43776e-06;-1.43776e-06
1;1;5.0;2.0;4.0;0.0;-1.43776e-06;-1.43776e-06
1;1;5.0;4.0;2.0;0.0;-1.43776e-06;-1.43776e-06
1;1;5.0;4.0;4.0;0.0;-8.09228e-07;-8.09228e-07
1;1;-4.0;-4.0;0.0;0.0;1.94501e-05;1.94501e-05
1;1;-4.0;0.0;-4.0;0.0;1.94501e-05;1.94501e-05
1;1;0.0;-4.0;-4.0;0.0;1.94501e-05;1.94501e-05
1;1;0.0;4.0;4.0;0.0;1.94501e-05;1.94501e-05
1;1;4.0;0.0;4.0;0.0;1.94501e-05;1.94501e-05
1;1;4.0;4.0;0.0;0.0;1.94501e-05;1.94501e-05
1;1;-3.0;-5.0;-5.0;0.0;1.72456e-05;1.72456e-05
1;1;-2.0;-5.0;0.0;0.0;1.72456e-05;1.72456e-05
1;1;-2.0;-2.0;3.0;0.0;1.72456e-05;1.72456e-05
1;1;-2.0;0.0;-5.0;0.0;1.72456e-05;1.72456e-05
1;1;0.0;-2.0;-5.0;0.0;1.72456e-05;1.72456e-05
1;1;0.0;2.0;5.0;0.0;1.72456e-05;1.72456e-05
1;1;2.0;0.0;5.0;0.0;1.72456e-05;1.72456e-05
1;1;2.0;2.0;-3.0;0.0;1.72456e-05;1.72456e-05
1;1;2.0;5.0;0.0;0.0;1.72456e-05;1.72456e-05
1;1;3.0;5.0;5.0;0.0;1.72456e-05;1.72456e-05
1;1;-5.0;-5.0;-3.0;0.0;1.72456e-05;1.72456e-05
1;1;-5.0;-3.0;-5.0;0.0;1.72456e-05;1.72456e-05
1;1;-5.0;-2.0;0.0;0.0;1.72456e-05;1.72456e-05
1;1;-5.0;0.0;-2.0;0.0;1.72456e-05;1.72456e-05
1;1;-3.0;2.0;2.0;0.0;1.72456e-05;1.72456e-05
1;1;-2.0;3.0;-2.0;0.0;1.72456e-05;1.72456e-05
1;1;0.0;-5.0;-2.0;0.0;1.72456e-05;1.72456e-05
1;1;0.0;5.0;2.0;0.0;1.72456e-05;1.72456e-05
1;1;2.0;-3.0;2.0;0.0;1.72456e-05;1.72456e-05
1;1;3.0;-2.0;-2.0;0.0;1.72456e-05;1.72456e-05
1;1;5.0;0.0;2.0;0.0;1.72456e-05;1.72456e-05
1;1;5.0;2.0;0.0;0.0;1.72456e-05;1.72456e-05
1;1;5.0;3.0;5.0;0.0;1.72456e-05;1.72456e-05
1;1;5.0;5.0;3.0;0.0;1.72456e-05;1.72456e-05
1;1;-5.0;-4.0;-1.0;0.0;1.44298e-05;1.44298e-05
1;1;-5.0;-1.0;-4.0;0.0;1.44298e-05;1.44298e-05
1;1;-4.0;-5.0;-1.0;0.0;1.44298e-05;1.44298e-05
1;1;-4.0;-3.0;1.0;0.0;1.44298e-05;1.44298e-05
1;1;-4.0;-1.0;-5.0;0.0;1.44298e-05;1.44298e-05
1;1;-4.0;1.0;-3.0;0.0;1.44298e-05;1.44298e-05
1;1;-3.0;-4.0;1.0;0.0;1.44298e-05;1.44298e-05
1;1;-3.0;1.0;-4.0;0.0;1.44298e-05;1.44298e-05
1;1;-1.0;-5.0;-4.0;0.0;1.44298e-05;1.44298e-05
1;1;-1.0;-5.0;0.0;0.0;1.45421e-05;1.45421e-05
1;1;-1.0;-4.0;-5.0;0.0;1.44298e-05;1.44298e-05
1;1;-1.0;-1.0;4.0;0.0;1.45421e-05;1.45421e-05
1;1;-1.0;0.0;-5.0;0.0;1.45421e-05;1.45421e-05
1;1;-1.0;3.0;4.0;0.0;1.44298e-05;1.44298e-05
1;1;-1.0;4.0;3.0;0.0;1.44298e-05;1.44298e-05
1;1;0.0;-1.0;-5.0;0.0;1.45421e-05;1.45421e-05
1;1;0.0;1.0;5.0;0.0;1.45421e-05;1.45421e-05
1;1;1.0;-4.0;-3.0;0.0;1.44298e-05;1.44298e-05
1;1;1.0;-3.0;-4.0;0.0;1.44298e-05;1.44298e-05
1;1;1.0;0.0;5.0;0.0;1.45421e-05;1.45421e-05
1;1;1.0;1.0;-4.0;0.0;1.45421e-05;1.45421e-05
1;1;1.0;4.0;5.0;0.0;1.44298e-05;1.44298e-05
1;1;1.0;5.0;0.0;0.0;1.45421e-05;1.45421e-05
1;1;1.0;5.0;4.0;0.0;1.44298e-05;1.44298e-05
1;1;3.0;-1.0;4.0;0.0;1.44298e-05;1.44298e-05
1;1;3.0;4.0;-1.0;0.0;1.44298e-05;1.44298e-05
1;1;4.0;-1.0;3.0;0.0;1.44298e-05;1.44298e-05
1;1;4.0;1.0;5.0;0.0;1.44298e-05;1.44298e-05
1;1;4.0;3.0;-1.0;0.0;1.44298e-05;1.44298e-05
1;1;4.0;5.0;1.0;0.0;1.44298e-05;1.44298e-05
1;1;5.0;1.0;4.0;0.0;1.44298e-05;1.44298e-05
1;1;5.0;4.0;1.0;0.0;1.44298e-05;1.44298e-05
1;1;-5.0;-5.0;-4.0;0.0;1.45421e-05;1.45421e-05
1;1;-5.0;-4.0;-5.0;0.0;1.45421e-05;1.45421e-05
1;1;-5.0;-1.0;0.0;0.0;1.45421e-05;1.45421e-05
1;1;-5.0;0.0;-1.0;0.0;1.45421e-05;1.45421e-05
1;1;-4.0;-5.0;-5.0;0.0;1.45421e-05;1.45421e-05
1;1;-4.0;1.0;1.0;0.0;1.45421e-05;1.45421e-05
1;1;-1.0;4.0;-1.0;0.0;1.45421e-05;1.45421e-05
1;1;0.0;-5.0;-1.0;0.0;1.45421e-05;1.45421e-05
1;1;0.0;5.0;1.0;0.0;1.45421e-05;1.45421e-05
1;1;1.0;-4.0;1.0;0.0;1.45421e-05;1.45421e-05
1;1;4.0;-1.0;-1.0;0.0;1.45421e-05;1.45421e-05
1;1;4.0;5.0;5.0;0.0;1.45421e-05;1.45421e-05
1;1;5.0;0.0;1.0;0.0;1.45421e-05;1.45421e-05
1;1;5.0;1.0;0.0;0.0;1.45421e-05;1.45421e-05
1;1;5.0;4.0;5.0;0.0;1.45421e-05;1.45421e-05
1;1;5.0;5.0;4.0;0.0;1.45421e-05;1.45421e-05
1;1;-6.0;-3.0;-3.0;0.0;2.82229e-06;2.82229e-06
1;1;-5.0;-5.0;-2.0;0.0;-6.57863e-07;-6.57863e-07
1;1;-5.0;-3.0;0.0;0.0;-6.57863e-07;-6.57863e-07
1;1;-5.0;-2.0;-5.0;0.0;-6.57863e-07;-6.57863e-07
1;1;-5.0;0.0;-3.0;0.0;-6.57863e-07;-6.57863e-07
1;1;-3.0;-6.0;-3.0;0.0;2.82229e-06;2.82229e-06
1;1;-3.0;-5.0;0.0;0.0;-6.57863e-07;-6.57863e-07
1;1;-3.0;-3.0;-6.0;0.0;2.82229e-06;2.82229e-06
1;1;-3.0;-3.0;2.0;0.0;-6.57863e-07;-6.57863e-07
1;1;-3.0;0.0;-5.0;0.0;-6.57863e-07;-6.57863e-07
1;1;-3.0;0.0;3.0;0.0;2.82229e-06;2.82229e-06
1;1;-3.0;2.0;-3.0;0.0;-6.57863e-07;-6.57863e-07
1;1;-3.0;3.0;0.0;0.0;2.82229e-06;2.82229e-06
1;1;-2.0;-5.0;-5.0;0.0;-6.57863e-07;-6.57863e-07
1;1;-2.0;3.0;3.0;0.0;-6.57863e-07;-6.57863e-07
1;1;0.0;-5.0;-3.0;0.0;-6.57863e-07;-6.57863e-07
1;1;0.0;-3.0;-5.0;0.0;-6.57863e-07;-6.57863e-07
1;1;0.0;-3.0;3.0;0.0;2.82229e-06;2.82229e-06
1;1;0.0;3.0;-3.0;0.0;2.82229e-06;2.82229e-06
1;1;0.0;3.0;5.0;0.0;-6.57863e-07;-6.57863e-07
1;1;0.0;5.0;3.0;0.0;-6.57863e-07;-6.57863e-07
1;1;2.0;-3.0;-3.0;0.0;-6.57863e-07;-6.57863e-07
1;1;2.0;5.0;5.0;0.0;-6.57863e-07;-6.57863e-07
1;1;3.0;-3.0;0.0;0.0;2.82229e-06;2.82229e-06
1;1;3.0;-2.0;3.0;0.0;-6.57863e-07;-6.57863e-07
1;1;3.0;0.0;-3.0;0.0;2.82229e-06;2.82229e-06
1;1;3.0;0.0;5.0;0.0;-6.57863e-07;-6.57863e-07
1;1;3.0;3.0;-2.0;0.0;-6.57863e-07;-6.57863e-07
1;1;3.0;3.0;6.0;0.0;2.82229e-06;2.82229e-06
1;1;3.0;5.0;0.0;0.0;-6.57863e-07;-6.57863e-07
1;1;3.0;6.0;3.0;0.0;2.82229e-06;2.82229e-06
1;1;5.0;0.0;3.0;0.0;-6.57863e-07;-6.57863e-07
1;1;5.0;2.0;5.0;0.0;-6.57863e-07;-6.57863e-07
1;1;5.0;3.0;0.0;0.0;-6.57863e-07;-6.57863e-07
1;1;5.0;5.0;2.0;0.0;-6.57863e-07;-6.57863e-07
1;1;6.0;3.0;3.0;0.0;2.82229e-06;2.82229e-06
1;1;-6.0;-4.0;-3.0;0.0;-8.46965e-06;-8.46965e-06
1;1;-6.0;-3.0;-4.0;0.0;-8.46965e-06;-8.46965e-06
1;1;-6.0;-3.0;-2.0;0.0;-8.46965e-06;-8.46965e-06
1;1;-6.0;-2.0;-3.0;0.0;-8.46965e-06;-8.46965e-06
1;1;-5.0;-5.0;-5.0;0.0;-1.01755e-05;-1.01755e-05
1;1;-5.0;0.0;0.0;0.0;-1.01755e-05;-1.01755e-05
1;1;-4.0;-6.0;-3.0;0.0;-8.46965e-06;-8.46965e-06
1;1;-4.0;-3.0;-6.0;0.0;-8.46965e-06;-8.46965e-06
1;1;-4.0;-1.0;2.0;0.0;-8.46965e-06;-8.46965e-06
1;1;-4.0;2.0;-1.0;0.0;-8.46965e-06;-8.46965e-06
1;1;-3.0;-6.0;-4.0;0.0;-8.46965e-06;-8.46965e-06
1;1;-3.0;-6.0;-2.0;0.0;-8.46965e-06;-8.46965e-06
1;1;-3.0;-4.0;-6.0;0.0;-8.46965e-06;-8.46965e-06
1;1;-3.0;-2.0;-6.0;0.0;-8.46965e-06;-8.46965e-06
1;1;-3.0;-1.0;3.0;0.0;-8.46965e-06;-8.46965e-06
1;1;-3.0;1.0;3.0;0.0;-8.46965e-06;-8.46965e-06
1;1;-3.0;3.0;-1.0;0.0;-8.46965e-06;-8.46965e-06
1;1;-3.0;3.0;1.0;0.0;-8.46965e-06;-8.46965e-06
1;1;-2.0;-6.0;-3.0;0.0;-8.46965e-06;-8.46965e-06
1;1;-2.0;-3.0;-6.0;0.0;-8.46965e-06;-8.46965e-06
1;1;-2.0;1.0;4.0;0.0;-8.46965e-06;-8.46965e-06
1;1;-2.0;4.0;1.0;0.0;-8.46965e-06;-8.46965e-06
1;1;-1.0;-4.0;2.0;0.0;-8.46965e-06;-8.46965e-06
1;1;-1.0;-3.0;3.0;0.0;-8.46965e-06;-8.46965e-06
1;1;-1.0;2.0;-4.0;0.0;-8.46965e-06;-8.46965e-06
1;1;-1.0;3.0;-3.0;0.0;-8.46965e-06;-8.46965e-06
1;1;0.0;-5.0;0.0;0.0;-1.01755e-05;-1.01755e-05
1;1;0.0;0.0;-5.0;0.0;-1.01755e-05;-1.01755e-05
1;1;0.0;0.0;5.0;0.0;-1.01755e-05;-1.01755e-05
1;1;0.0;5.0;0.0;0.0;-1.01755e-05;-1.01755e-05
1;1;1.0;-3.0;3.0;0.0;-8.46965e-06;-8.46965e-06
1;1;1.0;-2.0;4.0;0.0;-8.46965e-06;-8.46965e-06
1;1;1.0;3.0;-3.0;0.0;-8.46965e-06;-8.46965e-06
1;1;1.0;4.0;-2.0;0.0;-8.46965e-06;-8.46965e-06
1;1;2.0;-4.0;-1.0;0.0;-8.46965e-06;-8.46965e-06
1;1;2.0;-1.0;-4.0;0.0;-8.46965e-06;-8.46965e-06
1;1;2.0;3.0;6.0;0.0;-8.46965e-06;-8.46965e-06
1;1;2.0;6.0;3.0;0.0;-8.46965e-06;-8.46965e-06
1;1;3.0;-3.0;-1.0;0.0;-8.46965e-06;-8.46965e-06
1;1;3.0;-3.0;1.0;0.0;-8.46965e-06;-8.46965e-06
1;1;3.0;-1.0;-3.0;0.0;-8.46965e-06;-8.46965e-06
1;1;3.0;1.0;-3.0;0.0;-8.46965e-06;-8.46965e-06
1;1;3.0;2.0;6.0;0.0;-8.46965e-06;-8.46965e-06
1;1;3.0;4.0;6.0;0.0;-8.46965e-06;-8.46965e-06
1;1;3.0;6.0;2.0;0.0;-8.46965e-06;-8.46965e-06
1;1;3.0;6.0;4.0;0.0;-8.46965e-06;-8.46965e-06
1;1;4.0;-2.0;1.0;0.0;-8.46965e-06;-8.46965e-06
1;1;4.0;1.0;-2.0;0.0;-8.46965e-06;-8.46965e-06
1;1;4.0;3.0;6.0;0.0;-8.46965e-06;-8.46965e-06
1;1;4.0;6.0;3.0;0.0;-8.46965e-06;-8.46965e-06
1;1;5.0;0.0;0.0;0.0;-1.01755e-05;-1.01755e-05
1;1;5.0;5.0;5.0;0.0;-1.01755e-05;-1.01755e-05
1;1;6.0;2.0;3.0;0.0;-8.46965e-06;-8.46965e-06
1;1;6.0;3.0;2.0;0.0;-8.46965e-06;-8.46965e-06
1;1;6.0;3.0;4.0;0.0;-8.46965e-06;-8.46965e-06
1;1;6.0;4.0;3.0;0.0;-8.46965e-06;-8.46965e-06
1;1;-6.0;-2.0;-2.0;0.0;-1.05202e-05;-1.05202e-05
1;1;-4.0;-4.0;-6.0;0.0;-1.05202e-05;-1.05202e-05
1;1;-4.0;2.0;0.0;0.0;-1.05202e-05;-1.05202e-05
1;1;-2.0;-2.0;-6.0;0.0;-1.05202e-05;-1.05202e-05
1;1;-2.0;4.0;0.0;0.0;-1.05202e-05;-1.05202e-05
1;1;0.0;-4.0;2.0;0.0;-1.05202e-05;-1.05202e-05
1;1;0.0;-2.0;4.0;0.0;-1.05202e-05;-1.05202e-05
1;1;0.0;2.0;-4.0;0.0;-1.05202e-05;-1.05202e-05
1;1;0.0;4.0;-2.0;0.0;-1.05202e-05;-1.05202e-05
1;1;2.0;-4.0;0.0;0.0;-1.05202e-05;-1.05202e-05
1;1;2.0;2.0;6.0;0.0;-1.05202e-05;-1.05202e-05
1;1;4.0;-2.0;0.0;0.0;-1.05202e-05;-1.05202e-05
1;1;4.0;4.0;6.0;0.0;-1.05202e-05;-1.05202e-05
1;1;6.0;2.0;2.0;0.0;-1.05202e-05;-1.05202e-05
1;1;-6.0;-4.0;-4.0;0.0;-1.05202e-05;-1.05202e-05
1;1;-4.0;-6.0;-4.0;0.0;-1.05202e-05;-1.05202e-05
1;1;-4.0;0.0;2.0;0.0;-1.05202e-05;-1.05202e-05
1;1;-2.0;-6.0;-2.0;0.0;-1.05202e-05;-1.05202e-05
1;1;-2.0;0.0;4.0;0.0;-1.05202e-05;-1.05202e-05
1;1;2.0;0.0;-4.0;0.0;-1.05202e-05;-1.05202e-05
1;1;2.0;6.0;2.0;0.0;-1.05202e-05;-1.05202e-05
1;1;4.0;0.0;-2.0;0.0;-1.05202e-05;-1.05202e-05
1;1;4.0;6.0;4.0;0.0;-1.05202e-05;-1.05202e-05
1;1;6.0;4.0;4.0;0.0;-1.05202e-05;-1.05202e-05
1;1;-6.0;-2.0;-4.0;0.0;-1.34259e-05;-1.34259e-05
1;1;-4.0;-2.0;-6.0;0.0;-1.34259e-05;-1.34259e-05
1;1;-4.0;-2.0;2.0;0.0;-1.34259e-05;-1.34259e-05
1;1;-4.0;2.0;-2.0;0.0;-1.34259e-05;-1.34259e-05
1;1;-2.0;-6.0;-4.0;0.0;-1.34259e-05;-1.34259e-05
1;1;-2.0;-4.0;-6.0;0.0;-1.34259e-05;-1.34259e-05
1;1;-2.0;-4.0;2.0;0.0;-1.34259e-05;-1.34259e-05
1;1;-2.0;2.0;-4.0;0.0;-1.34259e-05;-1.34259e-05
1;1;-2.0;2.0;4.0;0.0;-1.34259e-05;-1.34259e-05
1;1;-2.0;4.0;2.0;0.0;-1.34259e-05;-1.34259e-05
1;1;2.0;-4.0;-2.0;0.0;-1.34259e-05;-1.34259e-05
1;1;2.0;-2.0;-4.0;0.0;-1.34259e-05;-1.34259e-05
1;1;2.0;-2.0;4.0;0.0;-1.34259e-05;-1.34259e-05
1;1;2.0;4.0;-2.0;0.0;-1.34259e-05;-1.34259e-05
1;1;2.0;4.0;6.0;0.0;-1.34259e-05;-1.34259e-05
1;1;2.0;6.0;4.0;0.0;-1.34259e-05;-1.34259e-05
1;1;4.0;-2.0;2.0;0.0;-1.34259e-05;-1.34259e-05
1;1;4.0;2.0;-2.0;0.0;-1.34259e-05;-1.34259e-05
1;1;4.0;2.0;6.0;0.0;-1.34259e-05;-1.34259e-05
1;1;6.0;2.0;4.0;0.0;-1.34259e-05;-1.34259e-05
1;1;-6.0;-4.0;-2.0;0.0;-1.34259e-05;-1.34259e-05
1;1;-4.0;-6.0;-2.0;0.0;-1.34259e-05;-1.34259e-05
1;1;4.0;6.0;2.0;0.0;-1.34259e-05;-1.34259e-05
1;1;6.0;4.0;2.0;0.0;-1.34259e-05;-1.34259e-05
1;1;-6.0;-5.0;-4.0;0.0;-8.24502e-06;-8.24502e-06
1;1;-6.0;-4.0;-5.0;0.0;-8.24502e-06;-8.24502e-06
1;1;-6.0;-2.0;-1.0;0.0;-8.24502e-06;-8.24502e-06
1;1;-6.0;-1.0;-2.0;0.0;-8.24502e-06;-8.24502e-06
1;1;-5.0;-6.0;-4.0;0.0;-8.24502e-06;-8.24502e-06
1;1;-5.0;-5.0;-1.0;0.0;-8.23698e-06;-8.23698e-06
1;1;-5.0;-4.0;-6.0;0.0;-8.24502e-06;-8.24502e-06
1;1;-5.0;-4.0;0.0;0.0;-8.23698e-06;-8.23698e-06
1;1;-5.0;-1.0;-5.0;0.0;-8.23698e-06;-8.23698e-06
1;1;-5.0;0.0;-4.0;0.0;-8.23698e-06;-8.23698e-06
1;1;-4.0;-6.0;-5.0;0.0;-8.24502e-06;-8.24502e-06
1;1;-4.0;-5.0;-6.0;0.0;-8.24502e-06;-8.24502e-06
1;1;-4.0;-5.0;0.0;0.0;-8.23698e-06;-8.23698e-06
1;1;-4.0;-4.0;1.0;0.0;-8.23698e-06;-8.23698e-06
1;1;-4.0;0.0;-5.0;0.0;-8.23698e-06;-8.23698e-06
1;1;-4.0;1.0;-4.0;0.0;-8.23698e-06;-8.23698e-06
1;1;-4.0;1.0;2.0;0.0;-8.24502e-06;-8.24502e-06
1;1;-4.0;2.0;1.0;0.0;-8.24502e-06;-8.24502e-06
1;1;-2.0;-6.0;-1.0;0.0;-8.24502e-06;-8.24502e-06
1;1;-2.0;-1.0;-6.0;0.0;-8.24502e-06;-8.24502e-06
1;1;-2.0;-1.0;4.0;0.0;-8.24502e-06;-8.24502e-06
1;1;-2.0;4.0;-1.0;0.0;-8.24502e-06;-8.24502e-06
1;1;-1.0;-6.0;-2.0;0.0;-8.24502e-06;-8.24502e-06
1;1;-1.0;-5.0;-5.0;0.0;-8.23698e-06;-8.23698e-06
1;1;-1.0;-5.0;1.0;0.0;-8.24502e-06;-8.24502e-06
1;1;-1.0;-2.0;-6.0;0.0;-8.24502e-06;-8.24502e-06
1;1;-1.0;-2.0;4.0;0.0;-8.24502e-06;-8.24502e-06
1;1;-1.0;1.0;-5.0;0.0;-8.24502e-06;-8.24502e-06
1;1;-1.0;1.0;5.0;0.0;-8.24502e-06;-8.24502e-06
1;1;-1.0;4.0;-2.0;0.0;-8.24502e-06;-8.24502e-06
1;1;-1.0;4.0;4.0;0.0;-8.23698e-06;-8.23698e-06
1;1;-1.0;5.0;1.0;0.0;-8.24502e-06;-8.24502e-06
1;1;0.0;-5.0;-4.0;0.0;-8.23698e-06;-8.23698e-06
1;1;0.0;-4.0;-5.0;0.0;-8.23698e-06;-8.23698e-06
1;1;0.0;4.0;5.0;0.0;-8.23698e-06;-8.23698e-06
1;1;0.0;5.0;4.0;0.0;-8.23698e-06;-8.23698e-06
1;1;1.0;-5.0;-1.0;0.0;-8.24502e-06;-8.24502e-06
1;1;1.0;-4.0;-4.0;0.0;-8.23698e-06;-8.23698e-06
1;1;1.0;-4.0;2.0;0.0;-8.24502e-06;-8.24502e-06
1;1;1.0;-1.0;-5.0;0.0;-8.24502e-06;-8.24502e-06
1;1;1.0;-1.0;5.0;0.0;-8.24502e-06;-8.24502e-06
1;1;1.0;2.0;-4.0;0.0;-8.24502e-06;-8.24502e-06
1;1;1.0;2.0;6.0;0.0;-8.24502e-06;-8.24502e-06
1;1;1.0;5.0;-1.0;0.0;-8.24502e-06;-8.24502e-06
1;1;1.0;5.0;5.0;0.0;-8.23698e-06;-8.23698e-06
1;1;1.0;6.0;2.0;0.0;-8.24502e-06;-8.24502e-06
1;1;2.0;-4.0;1.0;0.0;-8.24502e-06;-8.24502e-06
1;1;2.0;1.0;-4.0;0.0;-8.24502e-06;-8.24502e-06
1;1;2.0;1.0;6.0;0.0;-8.24502e-06;-8.24502e-06
1;1;2.0;6.0;1.0;0.0;-8.24502e-06;-8.24502e-06
1;1;4.0;-2.0;-1.0;0.0;-8.24502e-06;-8.24502e-06
1;1;4.0;-1.0;-2.0;0.0;-8.24502e-06;-8.24502e-06
1;1;4.0;-1.0;4.0;0.0;-8.23698e-06;-8.23698e-06
1;1;4.0;0.0;5.0;0.0;-8.23698e-06;-8.23698e-06
1;1;4.0;4.0;-1.0;0.0;-8.23698e-06;-8.23698e-06
1;1;4.0;5.0;0.0;0.0;-8.23698e-06;-8.23698e-06
1;1;4.0;5.0;6.0;0.0;-8.24502e-06;-8.24502e-06
1;1;4.0;6.0;5.0;0.0;-8.24502e-06;-8.24502e-06
1;1;5.0;0.0;4.0;0.0;-8.23698e-06;-8.23698e-06
1;1;5.0;1.0;5.0;0.0;-8.23698e-06;-8.23698e-06
1;1;5.0;4.0;0.0;0.0;-8.23698e-06;-8.23698e-06
1;1;5.0;4.0;6.0;0.0;-8.24502e-06;-8.24502e-06
1;1;5.0;5.0;1.0;0.0;-8.23698e-06;-8.23698e-06
1;1;5.0;6.0;4.0;0.0;-8.24502e-06;-8.24502e-06
1;1;6.0;1.0;2.0;0.0;-8.24502e-06;-8.24502e-06
1;1;6.0;2.0;1.0;0.0;-8.24502e-06;-8.24502e-06
1;1;6.0;4.0;5.0;0.0;-8.24502e-06;-8.24502e-06
1;1;6.0;5.0;4.0;0.0;-8.24502e-06;-8.24502e-06
1;1;-5.0;-1.0;1.0;0.0;-8.24502e-06;-8.24502e-06
1;1;-5.0;1.0;-1.0;0.0;-8.24502e-06;-8.24502e-06
1;1;5.0;-1.0;1.0;0.0;-8.24502e-06;-8.24502e-06
1;1;5.0;1.0;-1.0;0.0;-8.24502e-06;-8.24502e-06
1;1;-6.0;-5.0;-3.0;0.0;-6.30635e-06;-6.30635e-06
1;1;-6.0;-3.0;-5.0;0.0;-6.30635e-06;-6.30635e-06
1;1;-6.0;-3.0;-1.0;0.0;-6.30635e-06;-6.30635e-06
1;1;-6.0;-1.0;-3.0;0.0;-6.30635e-06;-6.30635e-06
1;1;-5.0;-6.0;-3.0;0.0;-6.30635e-06;-6.30635e-06
1;1;-5.0;-3.0;-6.0;0.0;-6.30635e-06;-6.30635e-06
1;1;-5.0;-2.0;1.0;0.0;-6.30635e-06;-6.30635e-06
1;1;-3.0;-6.0;-5.0;0.0;-6.30635e-06;-6.30635e-06
1;1;-3.0;-6.0;-1.0;0.0;-6.30635e-06;-6.30635e-06
1;1;-3.0;-5.0;-6.0;0.0;-6.30635e-06;-6.30635e-06
1;1;-3.0;-2.0;3.0;0.0;-6.30635e-06;-6.30635e-06
1;1;-3.0;-1.0;-6.0;0.0;-6.30635e-06;-6.30635e-06
1;1;-3.0;2.0;3.0;0.0;-6.30635e-06;-6.30635e-06
1;1;-3.0;3.0;-2.0;0.0;-6.30635e-06;-6.30635e-06
1;1;-3.0;3.0;2.0;0.0;-6.30635e-06;-6.30635e-06
1;1;-2.0;-5.0;1.0;0.0;-6.30635e-06;-6.30635e-06
1;1;-2.0;-3.0;3.0;0.0;-6.30635e-06;-6.30635e-06
1;1;-2.0;1.0;-5.0;0.0;-6.30635e-06;-6.30635e-06
1;1;-2.0;3.0;-3.0;0.0;-6.30635e-06;-6.30635e-06
1;1;-1.0;-6.0;-3.0;0.0;-6.30635e-06;-6.30635e-06
1;1;-1.0;-3.0;-6.0;0.0;-6.30635e-06;-6.30635e-06
1;1;-1.0;2.0;5.0;0.0;-6.30635e-06;-6.30635e-06
1;1;-1.0;5.0;2.0;0.0;-6.30635e-06;-6.30635e-06
1;1;1.0;-5.0;-2.0;0.0;-6.30635e-06;-6.30635e-06
1;1;1.0;-2.0;-5.0;0.0;-6.30635e-06;-6.30635e-06
1;1;1.0;3.0;6.0;0.0;-6.30635e-06;-6.30635e-06
1;1;1.0;6.0;3.0;0.0;-6.30635e-06;-6.30635e-06
1;1;2.0;-3.0;3.0;0.0;-6.30635e-06;-6.30635e-06
1;1;2.0;-1.0;5.0;0.0;-6.30635e-06;-6.30635e-06
1;1;2.0;3.0;-3.0;0.0;-6.30635e-06;-6.30635e-06
1;1;2.0;5.0;-1.0;0.0;-6.30635e-06;-6.30635e-06
1;1;3.0;-3.0;-2.0;0.0;-6.30635e-06;-6.30635e-06
1;1;3.0;-3.0;2.0;0.0;-6.30635e-06;-6.30635e-06
1;1;3.0;-2.0;-3.0;0.0;-6.30635e-06;-6.30635e-06
1;1;3.0;1.0;6.0;0.0;-6.30635e-06;-6.30635e-06
1;1;3.0;2.0;-3.0;0.0;-6.30635e-06;-6.30635e-06
1;1;3.0;5.0;6.0;0.0;-6.30635e-06;-6.30635e-06
1;1;3.0;6.0;1.0;0.0;-6.30635e-06;-6.30635e-06
1;1;3.0;6.0;5.0;0.0;-6.30635e-06;-6.30635e-06
1;1;5.0;2.0;-1.0;0.0;-6.30635e-06;-6.30635e-06
1;1;5.0;3.0;6.0;0.0;-6.30635e-06;-6.30635e-06
1;1;5.0;6.0;3.0;0.0;-6.30635e-06;-6.30635e-06
1;1;6.0;1.0;3.0;0.0;-6.30635e-06;-6.30635e-06
1;1;6.0;3.0;1.0;0.0;-6.30635e-06;-6.30635e-06
1;1;6.0;3.0;5.0;0.0;-6.30635e-06;-6.30635e-06
1;1;6.0;5.0;3.0;0.0;-6.30635e-06;-6.30635e-06
1;1;-5.0;1.0;-2.0;0.0;-6.30635e-06;-6.30635e-06
1;1;5.0;-1.0;2.0;0.0;-6.30635e-06;-6.30635e-06
1;1;-6.0;-5.0;-5.0;0.0;2.94808e-06;2.94808e-06
1;1;-6.0;-1.0;-1.0;0.0;2.94808e-06;2.94808e-06
1;1;-5.0;-6.0;-5.0;0.0;2.94808e-06;2.94808e-06
1;1;-5.0;-5.0;-6.0;0.0;2.94808e-06;2.94808e-06
1;1;-1.0;-6.0;-1.0;0.0;2.94808e-06;2.94808e-06
1;1;-1.0;-1.0;-6.0;0.0;2.94808e-06;2.94808e-06
1;1;-1.0;0.0;5.0;0.0;2.94808e-06;2.94808e-06
1;1;-1.0;5.0;0.0;0.0;2.94808e-06;2.94808e-06
1;1;0.0;-1.0;5.0;0.0;2.94808e-06;2.94808e-06
1;1;0.0;1.0;-5.0;0.0;2.94808e-06;2.94808e-06
1;1;1.0;-5.0;0.0;0.0;2.94808e-06;2.94808e-06
1;1;1.0;0.0;-5.0;0.0;2.94808e-06;2.94808e-06
1;1;1.0;1.0;6.0;0.0;2.94808e-06;2.94808e-06
1;1;1.0;6.0;1.0;0.0;2.94808e-06;2.94808e-06
1;1;5.0;5.0;6.0;0.0;2.94808e-06;2.94808e-06
1;1;5.0;6.0;5.0;0.0;2.94808e-06;2.94808e-06
1;1;6.0;1.0;1.0;0.0;2.94808e-06;2.94808e-06
1;1;6.0;5.0;5.0;0.0;2.94808e-06;2.94808e-06
1;1;-5.0;0.0;1.0;0.0;2.94808e-06;2.94808e-06
1;1;-5.0;1.0;0.0;0.0;2.94808e-06;2.94808e-06
1;1;0.0;-5.0;1.0;0.0;2.94808e-06;2.94808e-06
1;1;0.0;5.0;-1.0;0.0;2.94808e-06;2.94808e-06
1;1;5.0;-1.0;0.0;0.0;2.94808e-06;2.94808e-06
1;1;5.0;0.0;-1.0;0.0;2.94808e-06;2.94808e-06
1;1;-6.0;-5.0;-2.0;0.0;8.14523e-06;8.14523e-06
1;1;-5.0;-6.0;-2.0;0.0;8.14523e-06;8.14523e-06
1;1;-4.0;-3.0;2.0;0.0;8.14523e-06;8.14523e-06
1;1;-3.0;-4.0;2.0;0.0;8.14523e-06;8.14523e-06
1;1;3.0;4.0;-2.0;0.0;8.14523e-06;8.14523e-06
1;1;4.0;3.0;-2.0;0.0;8.14523e-06;8.14523e-06
1;1;5.0;6.0;2.0;0.0;8.14523e-06;8.14523e-06
1;1;6.0;5.0;2.0;0.0;8.14523e-06;8.14523e-06
1;1;-6.0;-4.0;-1.0;0.0;8.14523e-06;8.14523e-06
1;1;-6.0;-2.0;-5.0;0.0;8.14523e-06;8.14523e-06
1;1;-6.0;-1.0;-4.0;0.0;8.14523e-06;8.14523e-06
1;1;-5.0;-3.0;1.0;0.0;8.14523e-06;8.14523e-06
1;1;-5.0;-2.0;-6.0;0.0;8.14523e-06;8.14523e-06
1;1;-5.0;1.0;-3.0;0.0;8.14523e-06;8.14523e-06
1;1;-4.0;-6.0;-1.0;0.0;8.14523e-06;8.14523e-06
1;1;-4.0;-1.0;-6.0;0.0;8.14523e-06;8.14523e-06
1;1;-4.0;2.0;-3.0;0.0;8.14523e-06;8.14523e-06
1;1;-3.0;-5.0;1.0;0.0;8.14523e-06;8.14523e-06
1;1;-3.0;1.0;-5.0;0.0;8.14523e-06;8.14523e-06
1;1;-3.0;2.0;-4.0;0.0;8.14523e-06;8.14523e-06
1;1;-2.0;-6.0;-5.0;0.0;8.14523e-06;8.14523e-06
1;1;-2.0;-5.0;-6.0;0.0;8.14523e-06;8.14523e-06
1;1;-2.0;3.0;4.0;0.0;8.14523e-06;8.14523e-06
1;1;-2.0;4.0;3.0;0.0;8.14523e-06;8.14523e-06
1;1;-1.0;-6.0;-4.0;0.0;8.14523e-06;8.14523e-06
1;1;-1.0;-4.0;-6.0;0.0;8.14523e-06;8.14523e-06
1;1;-1.0;3.0;5.0;0.0;8.14523e-06;8.14523e-06
1;1;-1.0;5.0;3.0;0.0;8.14523e-06;8.14523e-06
1;1;1.0;-5.0;-3.0;0.0;8.14523e-06;8.14523e-06
1;1;1.0;-3.0;-5.0;0.0;8.14523e-06;8.14523e-06
1;1;1.0;4.0;6.0;0.0;8.14523e-06;8.14523e-06
1;1;1.0;6.0;4.0;0.0;8.14523e-06;8.14523e-06
1;1;2.0;-4.0;-3.0;0.0;8.14523e-06;8.14523e-06
1;1;2.0;-3.0;-4.0;0.0;8.14523e-06;8.14523e-06
1;1;2.0;5.0;6.0;0.0;8.14523e-06;8.14523e-06
1;1;2.0;6.0;5.0;0.0;8.14523e-06;8.14523e-06
1;1;3.0;-2.0;4.0;0.0;8.14523e-06;8.14523e-06
1;1;3.0;-1.0;5.0;0.0;8.14523e-06;8.14523e-06
1;1;3.0;5.0;-1.0;0.0;8.14523e-06;8.14523e-06
1;1;4.0;-2.0;3.0;0.0;8.14523e-06;8.14523e-06
1;1;4.0;1.0;6.0;0.0;8.14523e-06;8.14523e-06
1;1;4.0;6.0;1.0;0.0;8.14523e-06;8.14523e-06
1;1;5.0;-1.0;3.0;0.0;8.14523e-06;8.14523e-06
1;1;5.0;2.0;6.0;0.0;8.14523e-06;8.14523e-06
1;1;5.0;3.0;-1.0;0.0;8.14523e-06;8.14523e-06
1;1;6.0;1.0;4.0;0.0;8.14523e-06;8.14523e-06
1;1;6.0;2.0;5.0;0.0;8.14523e-06;8.14523e-06
1;1;6.0;4.0;1.0;0.0;8.14523e-06;8.14523e-06
1;1;-6.0;-6.0;-4.0;0.0;9.2014e-06;9.2014e-06
1;1;-6.0;-4.0;-6.0;0.0;9.2014e-06;9.2014e-06
1;1;-6.0;-2.0;0.0;0.0;9.2014e-06;9.2014e-06
1;1;-6.0;0.0;-2.0;0.0;9.2014e-06;9.2014e-06
1;1;-4.0;-6.0;-6.0;0.0;9.2014e-06;9.2014e-06
1;1;-4.0;2.0;2.0;0.0;9.2014e-06;9.2014e-06
1;1;-2.0;-6.0;0.0;0.0;9.2014e-06;9.2014e-06
1;1;-2.0;-2.0;4.0;0.0;9.2014e-06;9.2014e-06
1;1;-2.0;0.0;-6.0;0.0;9.2014e-06;9.2014e-06
1;1;-2.0;4.0;-2.0;0.0;9.2014e-06;9.2014e-06
1;1;0.0;-6.0;-2.0;0.0;9.2014e-06;9.2014e-06
1;1;0.0;-2.0;-6.0;0.0;9.2014e-06;9.2014e-06
1;1;0.0;2.0;6.0;0.0;9.2014e-06;9.2014e-06
1;1;0.0;6.0;2.0;0.0;9.2014e-06;9.2014e-06
1;1;2.0;-4.0;2.0;0.0;9.2014e-06;9.2014e-06
1;1;2.0;0.0;6.0;0.0;9.2014e-06;9.2014e-06
1;1;2.0;2.0;-4.0;0.0;9.2014e-06;9.2014e-06
1;1;2.0;6.0;0.0;0.0;9.2014e-06;9.2014e-06
1;1;4.0;-2.0;-2.0;0.0;9.2014e-06;9.2014e-06
1;1;4.0;6.0;6.0;0.0;9.2014e-06;9.2014e-06
1;1;6.0;0.0;2.0;0.0;9.2014e-06;9.2014e-06
1;1;6.0;2.0;0.0;0.0;9.2014e-06;9.2014e-06
1;1;6.0;4.0;6.0;0.0;9.2014e-06;9.2014e-06
1;1;6.0;6.0;4.0;0.0;9.2014e-06;9.2014e-06
1;1;-7.0;-4.0;-4.0;0.0;5.36621e-06;5.36621e-06
1;1;-7.0;-3.0;-3.0;0.0;5.36621e-06;5.36621e-06
1;1;-6.0;-6.0;-5.0;0.0;5.54273e-06;5.54273e-06
1;1;-6.0;-6.0;-3.0;0.0;4.45596e-06;4.45596e-06
1;1;-6.0;-5.0;-6.0;0.0;5.54273e-06;5.54273e-06
1;1;-6.0;-3.0;-6.0;0.0;4.45596e-06;4.45596e-06
1;1;-6.0;-3.0;0.0;0.0;4.45596e-06;4.45596e-06
1;1;-6.0;-1.0;0.0;0.0;5.54273e-06;5.54273e-06
1;1;-6.0;0.0;-3.0;0.0;4.45596e-06;4.45596e-06
1;1;-6.0;0.0;-1.0;0.0;5.54273e-06;5.54273e-06
1;1;-5.0;-6.0;-6.0;0.0;5.54273e-06;5.54273e-06
1;1;-4.0;-7.0;-4.0;0.0;5.36621e-06;5.36621e-06
1;1;-4.0;-4.0;-7.0;0.0;5.36621e-06;5.36621e-06
1;1;-4.0;0.0;3.0;0.0;5.36621e-06;5.36621e-06
1;1;-4.0;3.0;0.0;0.0;5.36621e-06;5.36621e-06
1;1;-3.0;-6.0;-6.0;0.0;4.45596e-06;4.45596e-06
1;1;-3.0;-6.0;0.0;0.0;4.45596e-06;4.45596e-06
1;1;-3.0;-3.0;-7.0;0.0;5.36621e-06;5.36621e-06
1;1;-3.0;-3.0;3.0;0.0;4.45596e-06;4.45596e-06
1;1;-3.0;0.0;-6.0;0.0;4.45596e-06;4.45596e-06
1;1;-3.0;0.0;4.0;0.0;5.36621e-06;5.36621e-06
1;1;-3.0;3.0;-3.0;0.0;4.45596e-06;4.45596e-06
1;1;-3.0;3.0;3.0;0.0;4.45596e-06;4.45596e-06
1;1;-3.0;4.0;0.0;0.0;5.36621e-06;5.36621e-06
1;1;-1.0;-6.0;0.0;0.0;5.54273e-06;5.54273e-06
1;1;-1.0;-1.0;5.0;0.0;5.54273e-06;5.54273e-06
1;1;-1.0;0.0;-6.0;0.0;5.54273e-06;5.54273e-06
1;1;-1.0;5.0;-1.0;0.0;5.54273e-06;5.54273e-06
1;1;0.0;-6.0;-3.0;0.0;4.45596e-06;4.45596e-06
1;1;0.0;-6.0;-1.0;0.0;5.54273e-06;5.54273e-06
1;1;0.0;-4.0;3.0;0.0;5.36621e-06;5.36621e-06
1;1;0.0;-3.0;-6.0;0.0;4.45596e-06;4.45596e-06
1;1;0.0;-3.0;4.0;0.0;5.36621e-06;5.36621e-06
1;1;0.0;-1.0;-6.0;0.0;5.54273e-06;5.54273e-06
1;1;0.0;1.0;6.0;0.0;5.54273e-06;5.54273e-06
1;1;0.0;3.0;-4.0;0.0;5.36621e-06;5.36621e-06
1;1;0.0;3.0;6.0;0.0;4.45596e-06;4.45596e-06
1;1;0.0;4.0;-3.0;0.0;5.36621e-06;5.36621e-06
1;1;0.0;6.0;1.0;0.0;5.54273e-06;5.54273e-06
1;1;0.0;6.0;3.0;0.0;4.45596e-06;4.45596e-06
1;1;1.0;-5.0;1.0;0.0;5.54273e-06;5.54273e-06
1;1;1.0;0.0;6.0;0.0;5.54273e-06;5.54273e-06
1;1;1.0;1.0;-5.0;0.0;5.54273e-06;5.54273e-06
1;1;1.0;6.0;0.0;0.0;5.54273e-06;5.54273e-06
1;1;3.0;-4.0;0.0;0.0;5.36621e-06;5.36621e-06
1;1;3.0;-3.0;-3.0;0.0;4.45596e-06;4.45596e-06
1;1;3.0;-3.0;3.0;0.0;4.45596e-06;4.45596e-06
1;1;3.0;0.0;-4.0;0.0;5.36621e-06;5.36621e-06
1;1;3.0;0.0;6.0;0.0;4.45596e-06;4.45596e-06
1;1;3.0;3.0;-3.0;0.0;4.45596e-06;4.45596e-06
1;1;3.0;3.0;7.0;0.0;5.36621e-06;5.36621e-06
1;1;3.0;6.0;0.0;0.0;4.45596e-06;4.45596e-06
1;1;3.0;6.0;6.0;0.0;4.45596e-06;4.45596e-06
1;1;4.0;-3.0;0.0;0.0;5.36621e-06;5.36621e-06
1;1;4.0;0.0;-3.0;0.0;5.36621e-06;5.36621e-06
1;1;4.0;4.0;7.0;0.0;5.36621e-06;5.36621e-06
1;1;4.0;7.0;4.0;0.0;5.36621e-06;5.36621e-06
1;1;5.0;6.0;6.0;0.0;5.54273e-06;5.54273e-06
1;1;6.0;0.0;1.0;0.0;5.54273e-06;5.54273e-06
1;1;6.0;0.0;3.0;0.0;4.45596e-06;4.45596e-06
1;1;6.0;1.0;0.0;0.0;5.54273e-06;5.54273e-06
1;1;6.0;3.0;0.0;0.0;4.45596e-06;4.45596e-06
1;1;6.0;3.0;6.0;0.0;4.45596e-06;4.45596e-06
1;1;6.0;5.0;6.0;0.0;5.54273e-06;5.54273e-06
1;1;6.0;6.0;3.0;0.0;4.45596e-06;4.45596e-06
1;1;6.0;6.0;5.0;0.0;5.54273e-06;5.54273e-06
1;1;7.0;3.0;3.0;0.0;5.36621e-06;5.36621e-06
1;1;7.0;4.0;4.0;0.0;5.36621e-06;5.36621e-06
1;1;-5.0;1.0;1.0;0.0;5.54273e-06;5.54273e-06
1;1;-3.0;-7.0;-3.0;0.0;5.36621e-06;5.36621e-06
1;1;3.0;7.0;3.0;0.0;5.36621e-06;5.36621e-06
1;1;5.0;-1.0;-1.0;0.0;5.54273e-06;5.54273e-06
1;1;-7.0;-4.0;-3.0;0.0;3.94797e-06;3.94797e-06
1;1;-7.0;-3.0;-4.0;0.0;3.94797e-06;3.94797e-06
1;1;-4.0;3.0;-1.0;0.0;3.94797e-06;3.94797e-06
1;1;-3.0;4.0;1.0;0.0;3.94797e-06;3.94797e-06
1;1;3.0;-4.0;-1.0;0.0;3.94797e-06;3.94797e-06
1;1;4.0;-3.0;1.0;0.0;3.94797e-06;3.94797e-06
1;1;7.0;3.0;4.0;0.0;3.94797e-06;3.94797e-06
1;1;7.0;4.0;3.0;0.0;3.94797e-06;3.94797e-06
