i;j;dx;dy;dz;χ⁰↑;χ⁰↓
1;1;-1;-1;-1;0.00870175;0.000620515
1;1;-1;0;0;0.00870175;0.000620515
1;1;0;-1;0;0.00870175;0.000620515
1;1;0;0;-1;0.00870175;0.000620515
1;1;0;0;1;0.00870175;0.000620515
1;1;0;1;0;0.00870175;0.000620515
1;1;1;0;0;0.00870175;0.000620515
1;1;1;1;1;0.00870175;0.000620515
1;1;-1;-1;0;0.0537775;0.0149016
1;1;-1;0;-1;0.0537775;0.0149016
1;1;0;-1;-1;0.0537775;0.0149016
1;1;0;1;1;0.0537775;0.0149016
1;1;1;0;1;0.0537775;0.0149016
1;1;1;1;0;0.0537775;0.0149016
1;1;-2;-1;-1;-0.00416255;-0.00069119
1;1;-1;-2;-1;-0.00416255;-0.00069119
1;1;1;2;1;-0.00416255;-0.00069119
1;1;2;1;1;-0.00416255;-0.00069119
1;1;-1;-1;-2;-0.00416255;-0.00069119
1;1;-1;0;1;-0.00416255;-0.00069119
1;1;-1;1;0;-0.00416255;-0.00069119
1;1;0;-1;1;-0.00416255;-0.00069119
1;1;0;1;-1;-0.00416255;-0.00069119
1;1;1;-1;0;-0.00416255;-0.00069119
1;1;1;0;-1;-0.00416255;-0.00069119
1;1;1;1;2;-0.00416255;-0.00069119
1;1;-2;-2;-1;0.0046333;0.00100755
1;1;-2;-1;-2;0.0046333;0.00100755
1;1;-2;-1;0;0.0046333;0.00100755
1;1;-2;0;-1;0.0046333;0.00100755
1;1;-1;-2;-2;0.0046333;0.00100755
1;1;-1;-2;0;0.0046333;0.00100755
1;1;-1;-1;1;0.0046333;0.00100755
1;1;-1;0;-2;0.0046333;0.00100755
1;1;-1;1;-1;0.0046333;0.00100755
1;1;-1;1;1;0.0046333;0.00100755
1;1;0;-2;-1;0.0046333;0.00100755
1;1;0;-1;-2;0.0046333;0.00100755
1;1;0;1;2;0.0046333;0.00100755
1;1;0;2;1;0.0046333;0.00100755
1;1;1;-1;-1;0.0046333;0.00100755
1;1;1;-1;1;0.0046333;0.00100755
1;1;1;0;2;0.0046333;0.00100755
1;1;1;1;-1;0.0046333;0.00100755
1;1;1;2;0;0.0046333;0.00100755
1;1;1;2;2;0.0046333;0.00100755
1;1;2;0;1;0.0046333;0.00100755
1;1;2;1;0;0.0046333;0.00100755
1;1;2;1;2;0.0046333;0.00100755
1;1;2;2;1;0.0046333;0.00100755
1;1;-2;-2;-2;-5.80174e-05;0.00266302
1;1;-2;0;0;-5.80174e-05;0.00266302
1;1;0;-2;0;-5.80174e-05;0.00266302
1;1;0;0;-2;-5.80174e-05;0.00266302
1;1;0;0;2;-5.80174e-05;0.00266302
1;1;0;2;0;-5.80174e-05;0.00266302
1;1;2;0;0;-5.80174e-05;0.00266302
1;1;2;2;2;-5.80174e-05;0.00266302
1;1;-2;-2;0;0.0116376;0.0055812
1;1;-2;0;-2;0.0116376;0.0055812
1;1;0;-2;-2;0.0116376;0.0055812
1;1;0;2;2;0.0116376;0.0055812
1;1;2;0;2;0.0116376;0.0055812
1;1;2;2;0;0.0116376;0.0055812
1;1;-3;-2;-2;-0.00180983;0.000232932
1;1;-3;-1;-1;-0.00180983;0.000232932
1;1;-2;-2;-3;-0.00180983;0.000232932
1;1;-2;0;1;-0.00180983;0.000232932
1;1;-2;1;0;-0.00180983;0.000232932
1;1;-1;-3;-1;-0.00180983;0.000232932
1;1;-1;-1;-3;-0.00180983;0.000232932
1;1;-1;0;2;-0.00180983;0.000232932
1;1;-1;2;0;-0.00180983;0.000232932
1;1;0;-2;1;-0.00180983;0.000232932
1;1;0;-1;2;-0.00180983;0.000232932
1;1;0;1;-2;-0.00180983;0.000232932
1;1;0;2;-1;-0.00180983;0.000232932
1;1;1;-2;0;-0.00180983;0.000232932
1;1;1;0;-2;-0.00180983;0.000232932
1;1;1;1;3;-0.00180983;0.000232932
1;1;1;3;1;-0.00180983;0.000232932
1;1;2;-1;0;-0.00180983;0.000232932
1;1;2;0;-1;-0.00180983;0.000232932
1;1;2;2;3;-0.00180983;0.000232932
1;1;3;1;1;-0.00180983;0.000232932
1;1;3;2;2;-0.00180983;0.000232932
1;1;-2;-3;-2;-0.00180983;0.000232932
1;1;2;3;2;-0.00180983;0.000232932
1;1;-3;-2;-1;0.000802533;1.44763e-05
1;1;-3;-1;-2;0.000802533;1.44763e-05
1;1;-2;-3;-1;0.000802533;1.44763e-05
1;1;-2;-1;-3;0.000802533;1.44763e-05
1;1;-2;-1;1;0.000802533;1.44763e-05
1;1;-2;1;-1;0.000802533;1.44763e-05
1;1;-1;-3;-2;0.000802533;1.44763e-05
1;1;-1;-2;-3;0.000802533;1.44763e-05
1;1;-1;-2;1;0.000802533;1.44763e-05
1;1;-1;1;-2;0.000802533;1.44763e-05
1;1;-1;1;2;0.000802533;1.44763e-05
1;1;-1;2;1;0.000802533;1.44763e-05
1;1;1;-2;-1;0.000802533;1.44763e-05
1;1;1;-1;-2;0.000802533;1.44763e-05
1;1;1;-1;2;0.000802533;1.44763e-05
1;1;1;2;-1;0.000802533;1.44763e-05
1;1;1;2;3;0.000802533;1.44763e-05
1;1;1;3;2;0.000802533;1.44763e-05
1;1;2;-1;1;0.000802533;1.44763e-05
1;1;2;1;-1;0.000802533;1.44763e-05
1;1;2;1;3;0.000802533;1.44763e-05
1;1;2;3;1;0.000802533;1.44763e-05
1;1;3;1;2;0.000802533;1.44763e-05
1;1;3;2;1;0.000802533;1.44763e-05
1;1;-3;-3;-2;0.00114734;-0.000174146
1;1;-3;-1;0;0.00114734;-0.000174146
1;1;-3;0;-1;0.00114734;-0.000174146
1;1;-2;1;1;0.00114734;-0.000174146
1;1;-1;2;-1;0.00114734;-0.000174146
1;1;0;-3;-1;0.00114734;-0.000174146
1;1;0;3;1;0.00114734;-0.000174146
1;1;1;-2;1;0.00114734;-0.000174146
1;1;2;-1;-1;0.00114734;-0.000174146
1;1;3;0;1;0.00114734;-0.000174146
1;1;3;1;0;0.00114734;-0.000174146
1;1;3;3;2;0.00114734;-0.000174146
1;1;-3;-2;-3;0.00114734;-0.000174146
1;1;-1;-3;0;0.00114734;-0.000174146
1;1;-1;-1;2;0.00114734;-0.000174146
1;1;-1;0;-3;0.00114734;-0.000174146
1;1;0;-1;-3;0.00114734;-0.000174146
1;1;0;1;3;0.00114734;-0.000174146
1;1;1;0;3;0.00114734;-0.000174146
1;1;1;1;-2;0.00114734;-0.000174146
1;1;1;3;0;0.00114734;-0.000174146
1;1;3;2;3;0.00114734;-0.000174146
1;1;-2;-3;-3;0.00114734;-0.000174146
1;1;2;3;3;0.00114734;-0.000174146
1;1;-3;-3;-1;-0.000768065;0.000399026
1;1;3;3;1;-0.000768065;0.000399026
1;1;-3;-3;-3;-0.00344025;0.000261743
1;1;-3;-2;0;-0.000768065;0.000399026
1;1;-3;-1;-3;-0.000768065;0.000399026
1;1;-3;0;-2;-0.000768065;0.000399026
1;1;-3;0;0;-0.00344025;0.000261743
1;1;-2;1;-2;-0.000768065;0.000399026
1;1;-1;2;2;-0.000768065;0.000399026
1;1;0;-3;-2;-0.000768065;0.000399026
1;1;0;-3;0;-0.00344025;0.000261743
1;1;0;0;-3;-0.00344025;0.000261743
1;1;0;0;3;-0.00344025;0.000261743
1;1;0;3;0;-0.00344025;0.000261743
1;1;0;3;2;-0.000768065;0.000399026
1;1;1;-2;-2;-0.000768065;0.000399026
1;1;2;-1;2;-0.000768065;0.000399026
1;1;3;0;0;-0.00344025;0.000261743
1;1;3;0;2;-0.000768065;0.000399026
1;1;3;1;3;-0.000768065;0.000399026
1;1;3;2;0;-0.000768065;0.000399026
1;1;3;3;3;-0.00344025;0.000261743
1;1;-2;-3;0;-0.000768065;0.000399026
1;1;-2;-2;1;-0.000768065;0.000399026
1;1;-2;0;-3;-0.000768065;0.000399026
1;1;-1;-3;-3;-0.000768065;0.000399026
1;1;0;-2;-3;-0.000768065;0.000399026
1;1;0;2;3;-0.000768065;0.000399026
1;1;1;3;3;-0.000768065;0.000399026
1;1;2;0;3;-0.000768065;0.000399026
1;1;2;2;-1;-0.000768065;0.000399026
1;1;2;3;0;-0.000768065;0.000399026
1;1;-4;-2;-2;-0.00213863;0.000240701
1;1;-2;-4;-2;-0.00213863;0.000240701
1;1;2;4;2;-0.00213863;0.000240701
1;1;4;2;2;-0.00213863;0.000240701
1;1;-2;-2;-4;-0.00213863;0.000240701
1;1;-2;0;2;-0.00213863;0.000240701
1;1;-2;2;0;-0.00213863;0.000240701
1;1;0;-2;2;-0.00213863;0.000240701
1;1;0;2;-2;-0.00213863;0.000240701
1;1;2;-2;0;-0.00213863;0.000240701
1;1;2;0;-2;-0.00213863;0.000240701
1;1;2;2;4;-0.00213863;0.000240701
1;1;-4;-3;-2;-0.000620665;0.000469393
1;1;-4;-2;-1;-0.000620665;0.000469393
1;1;-3;-2;-4;-0.000620665;0.000469393
1;1;-2;-4;-1;-0.000620665;0.000469393
1;1;-2;-1;2;-0.000620665;0.000469393
1;1;-2;1;2;-0.000620665;0.000469393
1;1;-1;-2;2;-0.000620665;0.000469393
1;1;-1;2;-2;-0.000620665;0.000469393
1;1;1;-2;2;-0.000620665;0.000469393
1;1;1;2;-2;-0.000620665;0.000469393
1;1;2;-1;-2;-0.000620665;0.000469393
1;1;2;1;-2;-0.000620665;0.000469393
1;1;2;4;1;-0.000620665;0.000469393
1;1;3;2;4;-0.000620665;0.000469393
1;1;4;2;1;-0.000620665;0.000469393
1;1;4;3;2;-0.000620665;0.000469393
1;1;-4;-2;-3;-0.000620665;0.000469393
1;1;-4;-1;-2;-0.000620665;0.000469393
1;1;-3;-4;-2;-0.000620665;0.000469393
1;1;-3;-1;1;-0.000620665;0.000469393
1;1;-3;1;-1;-0.000620665;0.000469393
1;1;-2;-4;-3;-0.000620665;0.000469393
1;1;-2;-3;-4;-0.000620665;0.000469393
1;1;-2;-1;-4;-0.000620665;0.000469393
1;1;-2;2;-1;-0.000620665;0.000469393
1;1;-2;2;1;-0.000620665;0.000469393
1;1;-1;-4;-2;-0.000620665;0.000469393
1;1;-1;-3;1;-0.000620665;0.000469393
1;1;-1;-2;-4;-0.000620665;0.000469393
1;1;-1;1;-3;-0.000620665;0.000469393
1;1;-1;1;3;-0.000620665;0.000469393
1;1;-1;3;1;-0.000620665;0.000469393
1;1;1;-3;-1;-0.000620665;0.000469393
1;1;1;-1;-3;-0.000620665;0.000469393
1;1;1;-1;3;-0.000620665;0.000469393
1;1;1;2;4;-0.000620665;0.000469393
1;1;1;3;-1;-0.000620665;0.000469393
1;1;1;4;2;-0.000620665;0.000469393
1;1;2;-2;-1;-0.000620665;0.000469393
1;1;2;-2;1;-0.000620665;0.000469393
1;1;2;1;4;-0.000620665;0.000469393
1;1;2;3;4;-0.000620665;0.000469393
1;1;2;4;3;-0.000620665;0.000469393
1;1;3;-1;1;-0.000620665;0.000469393
1;1;3;1;-1;-0.000620665;0.000469393
1;1;3;4;2;-0.000620665;0.000469393
1;1;4;1;2;-0.000620665;0.000469393
1;1;4;2;3;-0.000620665;0.000469393
1;1;-4;-1;-1;0.000580958;-0.000209333
1;1;-3;-4;-3;0.000580958;-0.000209333
1;1;-3;-3;-4;0.000580958;-0.000209333
1;1;-3;-3;0;-0.0024813;0.000475472
1;1;-3;0;-3;-0.0024813;0.000475472
1;1;-3;0;1;0.000580958;-0.000209333
1;1;-3;1;0;0.000580958;-0.000209333
1;1;-1;-4;-1;0.000580958;-0.000209333
1;1;0;-3;-3;-0.0024813;0.000475472
1;1;0;-3;1;0.000580958;-0.000209333
1;1;0;3;-1;0.000580958;-0.000209333
1;1;0;3;3;-0.0024813;0.000475472
1;1;1;4;1;0.000580958;-0.000209333
1;1;3;-1;0;0.000580958;-0.000209333
1;1;3;0;-1;0.000580958;-0.000209333
1;1;3;0;3;-0.0024813;0.000475472
1;1;3;3;0;-0.0024813;0.000475472
1;1;3;3;4;0.000580958;-0.000209333
1;1;3;4;3;0.000580958;-0.000209333
1;1;4;1;1;0.000580958;-0.000209333
1;1;-4;-3;-3;0.000580958;-0.000209333
1;1;-1;-1;-4;0.000580958;-0.000209333
1;1;-1;0;3;0.000580958;-0.000209333
1;1;-1;3;0;0.000580958;-0.000209333
1;1;0;-1;3;0.000580958;-0.000209333
1;1;0;1;-3;0.000580958;-0.000209333
1;1;1;-3;0;0.000580958;-0.000209333
1;1;1;0;-3;0.000580958;-0.000209333
1;1;1;1;4;0.000580958;-0.000209333
1;1;4;3;3;0.000580958;-0.000209333
1;1;-4;-3;-1;0.000240867;-8.75798e-05
1;1;-4;-1;-3;0.000240867;-8.75798e-05
1;1;-3;-4;-1;0.000240867;-8.75798e-05
1;1;-3;-2;1;0.000240867;-8.75798e-05
1;1;-3;-1;-4;0.000240867;-8.75798e-05
1;1;-3;1;-2;0.000240867;-8.75798e-05
1;1;-2;1;-3;0.000240867;-8.75798e-05
1;1;-1;-4;-3;0.000240867;-8.75798e-05
1;1;-1;-3;-4;0.000240867;-8.75798e-05
1;1;-1;2;3;0.000240867;-8.75798e-05
1;1;-1;3;2;0.000240867;-8.75798e-05
1;1;1;-3;-2;0.000240867;-8.75798e-05
1;1;1;-2;-3;0.000240867;-8.75798e-05
1;1;1;3;4;0.000240867;-8.75798e-05
1;1;1;4;3;0.000240867;-8.75798e-05
1;1;2;-1;3;0.000240867;-8.75798e-05
1;1;3;-1;2;0.000240867;-8.75798e-05
1;1;3;1;4;0.000240867;-8.75798e-05
1;1;3;2;-1;0.000240867;-8.75798e-05
1;1;3;4;1;0.000240867;-8.75798e-05
1;1;4;1;3;0.000240867;-8.75798e-05
1;1;4;3;1;0.000240867;-8.75798e-05
1;1;-2;-3;1;0.000240867;-8.75798e-05
1;1;2;3;-1;0.000240867;-8.75798e-05
1;1;-4;-4;-3;-0.00177831;0.000282359
1;1;-4;-3;-4;-0.00177831;0.000282359
1;1;-4;-1;0;-0.00177831;0.000282359
1;1;-4;0;-1;-0.00177831;0.000282359
1;1;-3;-4;-4;-0.00177831;0.000282359
1;1;-3;1;1;-0.00177831;0.000282359
1;1;-1;-4;0;-0.00177831;0.000282359
1;1;-1;-1;3;-0.00177831;0.000282359
1;1;-1;0;-4;-0.00177831;0.000282359
1;1;-1;3;-1;-0.00177831;0.000282359
1;1;0;-4;-1;-0.00177831;0.000282359
1;1;0;-1;-4;-0.00177831;0.000282359
1;1;0;1;4;-0.00177831;0.000282359
1;1;0;4;1;-0.00177831;0.000282359
1;1;1;-3;1;-0.00177831;0.000282359
1;1;1;0;4;-0.00177831;0.000282359
1;1;1;1;-3;-0.00177831;0.000282359
1;1;1;4;0;-0.00177831;0.000282359
1;1;3;-1;-1;-0.00177831;0.000282359
1;1;3;4;4;-0.00177831;0.000282359
1;1;4;0;1;-0.00177831;0.000282359
1;1;4;1;0;-0.00177831;0.000282359
1;1;4;3;4;-0.00177831;0.000282359
1;1;4;4;3;-0.00177831;0.000282359
1;1;-4;-4;-2;-0.000107032;1.44291e-05
1;1;-4;-2;-4;-0.000107032;1.44291e-05
1;1;-4;-2;0;-0.000107032;1.44291e-05
1;1;-4;0;-2;-0.000107032;1.44291e-05
1;1;-2;-4;-4;-0.000107032;1.44291e-05
1;1;-2;-4;0;-0.000107032;1.44291e-05
1;1;-2;-2;2;-0.000107032;1.44291e-05
1;1;-2;0;-4;-0.000107032;1.44291e-05
1;1;-2;2;-2;-0.000107032;1.44291e-05
1;1;-2;2;2;-0.000107032;1.44291e-05
1;1;0;-4;-2;-0.000107032;1.44291e-05
1;1;0;-2;-4;-0.000107032;1.44291e-05
1;1;0;2;4;-0.000107032;1.44291e-05
1;1;0;4;2;-0.000107032;1.44291e-05
1;1;2;-2;-2;-0.000107032;1.44291e-05
1;1;2;-2;2;-0.000107032;1.44291e-05
1;1;2;0;4;-0.000107032;1.44291e-05
1;1;2;2;-2;-0.000107032;1.44291e-05
1;1;2;4;0;-0.000107032;1.44291e-05
1;1;2;4;4;-0.000107032;1.44291e-05
1;1;4;0;2;-0.000107032;1.44291e-05
1;1;4;2;0;-0.000107032;1.44291e-05
1;1;4;2;4;-0.000107032;1.44291e-05
1;1;4;4;2;-0.000107032;1.44291e-05
1;1;-4;-4;-4;-0.000529082;0.00111373
1;1;-4;0;0;-0.000529082;0.00111373
1;1;0;-4;0;-0.000529082;0.00111373
1;1;0;0;-4;-0.000529082;0.00111373
1;1;0;0;4;-0.000529082;0.00111373
1;1;0;4;0;-0.000529082;0.00111373
1;1;4;0;0;-0.000529082;0.00111373
1;1;4;4;4;-0.000529082;0.00111373
1;1;-4;-4;-1;-0.000744508;-4.73619e-05
1;1;-4;-3;0;-0.000744508;-4.73619e-05
1;1;-3;-4;0;-0.000744508;-4.73619e-05
1;1;-3;-3;-5;-0.000934857;-1.09588e-05
1;1;-3;-3;1;-0.000744508;-4.73619e-05
1;1;-3;0;2;-0.000934857;-1.09588e-05
1;1;-3;2;0;-0.000934857;-1.09588e-05
1;1;-2;-5;-2;-0.000934857;-1.09588e-05
1;1;0;-3;2;-0.000934857;-1.09588e-05
1;1;0;3;-2;-0.000934857;-1.09588e-05
1;1;2;5;2;-0.000934857;-1.09588e-05
1;1;3;-2;0;-0.000934857;-1.09588e-05
1;1;3;0;-2;-0.000934857;-1.09588e-05
1;1;3;3;-1;-0.000744508;-4.73619e-05
1;1;3;3;5;-0.000934857;-1.09588e-05
1;1;3;4;0;-0.000744508;-4.73619e-05
1;1;4;3;0;-0.000744508;-4.73619e-05
1;1;4;4;1;-0.000744508;-4.73619e-05
1;1;-5;-3;-3;-0.000934857;-1.09588e-05
1;1;-5;-2;-2;-0.000934857;-1.09588e-05
1;1;-4;-1;-4;-0.000744508;-4.73619e-05
1;1;-4;0;-3;-0.000744508;-4.73619e-05
1;1;-3;-5;-3;-0.000934857;-1.09588e-05
1;1;-3;0;-4;-0.000744508;-4.73619e-05
1;1;-3;1;-3;-0.000744508;-4.73619e-05
1;1;-2;-2;-5;-0.000934857;-1.09588e-05
1;1;-2;0;3;-0.000934857;-1.09588e-05
1;1;-2;3;0;-0.000934857;-1.09588e-05
1;1;-1;-4;-4;-0.000744508;-4.73619e-05
1;1;-1;3;3;-0.000744508;-4.73619e-05
1;1;0;-4;-3;-0.000744508;-4.73619e-05
1;1;0;-3;-4;-0.000744508;-4.73619e-05
1;1;0;-2;3;-0.000934857;-1.09588e-05
1;1;0;2;-3;-0.000934857;-1.09588e-05
1;1;0;3;4;-0.000744508;-4.73619e-05
1;1;0;4;3;-0.000744508;-4.73619e-05
1;1;1;-3;-3;-0.000744508;-4.73619e-05
1;1;1;4;4;-0.000744508;-4.73619e-05
1;1;2;-3;0;-0.000934857;-1.09588e-05
1;1;2;0;-3;-0.000934857;-1.09588e-05
1;1;2;2;5;-0.000934857;-1.09588e-05
1;1;3;-1;3;-0.000744508;-4.73619e-05
1;1;3;0;4;-0.000744508;-4.73619e-05
1;1;3;5;3;-0.000934857;-1.09588e-05
1;1;4;0;3;-0.000744508;-4.73619e-05
1;1;4;1;4;-0.000744508;-4.73619e-05
1;1;5;2;2;-0.000934857;-1.09588e-05
1;1;5;3;3;-0.000934857;-1.09588e-05
1;1;-5;-3;-2;-0.000241736;-1.33088e-05
1;1;-3;-5;-2;-0.000241736;-1.33088e-05
1;1;-3;-2;-5;-0.000241736;-1.33088e-05
1;1;-3;-1;2;-0.000241736;-1.33088e-05
1;1;-3;2;-1;-0.000241736;-1.33088e-05
1;1;-2;-5;-3;-0.000241736;-1.33088e-05
1;1;-2;-3;-5;-0.000241736;-1.33088e-05
1;1;-2;1;3;-0.000241736;-1.33088e-05
1;1;-2;3;1;-0.000241736;-1.33088e-05
1;1;-1;-3;2;-0.000241736;-1.33088e-05
1;1;-1;2;-3;-0.000241736;-1.33088e-05
1;1;1;-2;3;-0.000241736;-1.33088e-05
1;1;1;3;-2;-0.000241736;-1.33088e-05
1;1;2;-3;-1;-0.000241736;-1.33088e-05
1;1;2;-1;-3;-0.000241736;-1.33088e-05
1;1;2;3;5;-0.000241736;-1.33088e-05
1;1;2;5;3;-0.000241736;-1.33088e-05
1;1;3;-2;1;-0.000241736;-1.33088e-05
1;1;3;1;-2;-0.000241736;-1.33088e-05
1;1;3;2;5;-0.000241736;-1.33088e-05
1;1;3;5;2;-0.000241736;-1.33088e-05
1;1;5;3;2;-0.000241736;-1.33088e-05
1;1;-5;-2;-3;-0.000241736;-1.33088e-05
1;1;5;2;3;-0.000241736;-1.33088e-05
1;1;-5;-2;-1;-0.000146506;-5.35985e-05
1;1;-5;-1;-2;-0.000146506;-5.35985e-05
1;1;-4;-3;-5;-0.000146506;-5.35985e-05
1;1;-3;1;2;-0.000146506;-5.35985e-05
1;1;-3;2;1;-0.000146506;-5.35985e-05
1;1;-2;-5;-1;-0.000146506;-5.35985e-05
1;1;-2;-1;-5;-0.000146506;-5.35985e-05
1;1;-2;-1;3;-0.000146506;-5.35985e-05
1;1;-1;-5;-2;-0.000146506;-5.35985e-05
1;1;-1;-2;-5;-0.000146506;-5.35985e-05
1;1;-1;-2;3;-0.000146506;-5.35985e-05
1;1;-1;1;-4;-0.000146506;-5.35985e-05
1;1;-1;1;4;-0.000146506;-5.35985e-05
1;1;-1;3;-2;-0.000146506;-5.35985e-05
1;1;1;-3;2;-0.000146506;-5.35985e-05
1;1;1;-1;-4;-0.000146506;-5.35985e-05
1;1;1;-1;4;-0.000146506;-5.35985e-05
1;1;1;2;-3;-0.000146506;-5.35985e-05
1;1;1;2;5;-0.000146506;-5.35985e-05
1;1;1;5;2;-0.000146506;-5.35985e-05
1;1;2;1;-3;-0.000146506;-5.35985e-05
1;1;2;1;5;-0.000146506;-5.35985e-05
1;1;2;5;1;-0.000146506;-5.35985e-05
1;1;3;-2;-1;-0.000146506;-5.35985e-05
1;1;3;-1;-2;-0.000146506;-5.35985e-05
1;1;4;3;5;-0.000146506;-5.35985e-05
1;1;5;1;2;-0.000146506;-5.35985e-05
1;1;5;2;1;-0.000146506;-5.35985e-05
1;1;-5;-4;-3;-0.000146506;-5.35985e-05
1;1;-5;-3;-4;-0.000146506;-5.35985e-05
1;1;-4;-5;-3;-0.000146506;-5.35985e-05
1;1;-4;-1;1;-0.000146506;-5.35985e-05
1;1;-4;1;-1;-0.000146506;-5.35985e-05
1;1;-3;-5;-4;-0.000146506;-5.35985e-05
1;1;-3;-4;-5;-0.000146506;-5.35985e-05
1;1;-2;3;-1;-0.000146506;-5.35985e-05
1;1;-1;-4;1;-0.000146506;-5.35985e-05
1;1;-1;4;1;-0.000146506;-5.35985e-05
1;1;1;-4;-1;-0.000146506;-5.35985e-05
1;1;1;4;-1;-0.000146506;-5.35985e-05
1;1;2;-3;1;-0.000146506;-5.35985e-05
1;1;3;4;5;-0.000146506;-5.35985e-05
1;1;3;5;4;-0.000146506;-5.35985e-05
1;1;4;-1;1;-0.000146506;-5.35985e-05
1;1;4;1;-1;-0.000146506;-5.35985e-05
1;1;4;5;3;-0.000146506;-5.35985e-05
1;1;5;3;4;-0.000146506;-5.35985e-05
1;1;5;4;3;-0.000146506;-5.35985e-05
1;1;-5;-4;-4;0.000817486;-0.000137463
1;1;-5;-4;-2;-1.1308e-06;-4.96041e-05
1;1;-5;-3;-1;-1.1308e-06;-4.96041e-05
1;1;-5;-2;-4;-1.1308e-06;-4.96041e-05
1;1;-5;-1;-3;-1.1308e-06;-4.96041e-05
1;1;-5;-1;-1;0.000817486;-0.000137463
1;1;-4;-5;-4;0.000817486;-0.000137463
1;1;-4;-5;-2;-1.1308e-06;-4.96041e-05
1;1;-4;-4;-5;0.000817486;-0.000137463
1;1;-4;-2;-5;-1.1308e-06;-4.96041e-05
1;1;-4;-2;1;-1.1308e-06;-4.96041e-05
1;1;-4;0;1;0.000817486;-0.000137463
1;1;-4;1;-2;-1.1308e-06;-4.96041e-05
1;1;-4;1;0;0.000817486;-0.000137463
1;1;-3;-5;-1;-1.1308e-06;-4.96041e-05
1;1;-3;-2;2;-1.1308e-06;-4.96041e-05
1;1;-3;-1;-5;-1.1308e-06;-4.96041e-05
1;1;-3;2;-2;-1.1308e-06;-4.96041e-05
1;1;-2;-5;-4;-1.1308e-06;-4.96041e-05
1;1;-2;-4;-5;-1.1308e-06;-4.96041e-05
1;1;-2;-4;1;-1.1308e-06;-4.96041e-05
1;1;-2;-3;2;-1.1308e-06;-4.96041e-05
1;1;-2;1;-4;-1.1308e-06;-4.96041e-05
1;1;-2;2;-3;-1.1308e-06;-4.96041e-05
1;1;-2;2;3;-1.1308e-06;-4.96041e-05
1;1;-2;3;2;-1.1308e-06;-4.96041e-05
1;1;-1;-5;-3;-1.1308e-06;-4.96041e-05
1;1;-1;-5;-1;0.000817486;-0.000137463
1;1;-1;-3;-5;-1.1308e-06;-4.96041e-05
1;1;-1;-1;-5;0.000817486;-0.000137463
1;1;-1;0;4;0.000817486;-0.000137463
1;1;-1;2;4;-1.1308e-06;-4.96041e-05
1;1;-1;4;0;0.000817486;-0.000137463
1;1;-1;4;2;-1.1308e-06;-4.96041e-05
1;1;0;-4;1;0.000817486;-0.000137463
1;1;0;-1;4;0.000817486;-0.000137463
1;1;0;1;-4;0.000817486;-0.000137463
1;1;0;4;-1;0.000817486;-0.000137463
1;1;1;-4;-2;-1.1308e-06;-4.96041e-05
1;1;1;-4;0;0.000817486;-0.000137463
1;1;1;-2;-4;-1.1308e-06;-4.96041e-05
1;1;1;0;-4;0.000817486;-0.000137463
1;1;1;1;5;0.000817486;-0.000137463
1;1;1;3;5;-1.1308e-06;-4.96041e-05
1;1;1;5;1;0.000817486;-0.000137463
1;1;1;5;3;-1.1308e-06;-4.96041e-05
1;1;2;-3;-2;-1.1308e-06;-4.96041e-05
1;1;2;-2;-3;-1.1308e-06;-4.96041e-05
1;1;2;-2;3;-1.1308e-06;-4.96041e-05
1;1;2;-1;4;-1.1308e-06;-4.96041e-05
1;1;2;3;-2;-1.1308e-06;-4.96041e-05
1;1;2;4;-1;-1.1308e-06;-4.96041e-05
1;1;2;4;5;-1.1308e-06;-4.96041e-05
1;1;2;5;4;-1.1308e-06;-4.96041e-05
1;1;3;-2;2;-1.1308e-06;-4.96041e-05
1;1;3;1;5;-1.1308e-06;-4.96041e-05
1;1;3;2;-2;-1.1308e-06;-4.96041e-05
1;1;3;5;1;-1.1308e-06;-4.96041e-05
1;1;4;-1;0;0.000817486;-0.000137463
1;1;4;-1;2;-1.1308e-06;-4.96041e-05
1;1;4;0;-1;0.000817486;-0.000137463
1;1;4;2;-1;-1.1308e-06;-4.96041e-05
1;1;4;2;5;-1.1308e-06;-4.96041e-05
1;1;4;4;5;0.000817486;-0.000137463
1;1;4;5;2;-1.1308e-06;-4.96041e-05
1;1;4;5;4;0.000817486;-0.000137463
1;1;5;1;1;0.000817486;-0.000137463
1;1;5;1;3;-1.1308e-06;-4.96041e-05
1;1;5;2;4;-1.1308e-06;-4.96041e-05
1;1;5;3;1;-1.1308e-06;-4.96041e-05
1;1;5;4;2;-1.1308e-06;-4.96041e-05
1;1;5;4;4;0.000817486;-0.000137463
1;1;-4;-4;0;-0.00329093;0.000499256
1;1;-4;0;-4;-0.00329093;0.000499256
1;1;0;-4;-4;-0.00329093;0.000499256
1;1;0;4;4;-0.00329093;0.000499256
1;1;4;0;4;-0.00329093;0.000499256
1;1;4;4;0;-0.00329093;0.000499256
1;1;-2;-5;0;-0.000165249;0.000196401
1;1;-2;-2;3;-0.000165249;0.000196401
1;1;2;2;-3;-0.000165249;0.000196401
1;1;2;5;0;-0.000165249;0.000196401
1;1;-5;-5;-3;-0.000165249;0.000196401
1;1;-5;-3;-5;-0.000165249;0.000196401
1;1;-5;-2;0;-0.000165249;0.000196401
1;1;-5;0;-2;-0.000165249;0.000196401
1;1;-3;-5;-5;-0.000165249;0.000196401
1;1;-3;2;2;-0.000165249;0.000196401
1;1;-2;0;-5;-0.000165249;0.000196401
1;1;-2;3;-2;-0.000165249;0.000196401
1;1;0;-5;-2;-0.000165249;0.000196401
1;1;0;-2;-5;-0.000165249;0.000196401
1;1;0;2;5;-0.000165249;0.000196401
1;1;0;5;2;-0.000165249;0.000196401
1;1;2;-3;2;-0.000165249;0.000196401
1;1;2;0;5;-0.000165249;0.000196401
1;1;3;-2;-2;-0.000165249;0.000196401
1;1;3;5;5;-0.000165249;0.000196401
1;1;5;0;2;-0.000165249;0.000196401
1;1;5;2;0;-0.000165249;0.000196401
1;1;5;3;5;-0.000165249;0.000196401
1;1;5;5;3;-0.000165249;0.000196401
1;1;-5;-5;-4;-0.000640079;-1.40091e-05
1;1;-5;-4;-1;-6.44307e-05;-5.41081e-05
1;1;-5;-1;-4;-6.44307e-05;-5.41081e-05
1;1;-5;-1;0;-0.000640079;-1.40091e-05
1;1;-4;-5;-5;-0.000640079;-1.40091e-05
1;1;-4;-5;-1;-6.44307e-05;-5.41081e-05
1;1;-4;-3;1;-6.44307e-05;-5.41081e-05
1;1;-4;-1;-5;-6.44307e-05;-5.41081e-05
1;1;-4;1;-3;-6.44307e-05;-5.41081e-05
1;1;-4;1;1;-0.000640079;-1.40091e-05
1;1;-3;-4;1;-6.44307e-05;-5.41081e-05
1;1;-3;1;-4;-6.44307e-05;-5.41081e-05
1;1;-1;-5;-4;-6.44307e-05;-5.41081e-05
1;1;-1;-5;0;-0.000640079;-1.40091e-05
1;1;-1;-4;-5;-6.44307e-05;-5.41081e-05
1;1;-1;-1;4;-0.000640079;-1.40091e-05
1;1;-1;0;-5;-0.000640079;-1.40091e-05
1;1;-1;3;4;-6.44307e-05;-5.41081e-05
1;1;-1;4;3;-6.44307e-05;-5.41081e-05
1;1;0;-5;-1;-0.000640079;-1.40091e-05
1;1;0;-1;-5;-0.000640079;-1.40091e-05
1;1;0;1;5;-0.000640079;-1.40091e-05
1;1;0;5;1;-0.000640079;-1.40091e-05
1;1;1;-4;-3;-6.44307e-05;-5.41081e-05
1;1;1;-3;-4;-6.44307e-05;-5.41081e-05
1;1;1;0;5;-0.000640079;-1.40091e-05
1;1;1;1;-4;-0.000640079;-1.40091e-05
1;1;1;4;5;-6.44307e-05;-5.41081e-05
1;1;1;5;0;-0.000640079;-1.40091e-05
1;1;1;5;4;-6.44307e-05;-5.41081e-05
1;1;3;-1;4;-6.44307e-05;-5.41081e-05
1;1;3;4;-1;-6.44307e-05;-5.41081e-05
1;1;4;-1;-1;-0.000640079;-1.40091e-05
1;1;4;-1;3;-6.44307e-05;-5.41081e-05
1;1;4;1;5;-6.44307e-05;-5.41081e-05
1;1;4;3;-1;-6.44307e-05;-5.41081e-05
1;1;4;5;1;-6.44307e-05;-5.41081e-05
1;1;4;5;5;-0.000640079;-1.40091e-05
1;1;5;1;0;-0.000640079;-1.40091e-05
1;1;5;1;4;-6.44307e-05;-5.41081e-05
1;1;5;4;1;-6.44307e-05;-5.41081e-05
1;1;5;5;4;-0.000640079;-1.40091e-05
1;1;-5;-4;-5;-0.000640079;-1.40091e-05
1;1;-5;0;-1;-0.000640079;-1.40091e-05
1;1;-1;4;-1;-0.000640079;-1.40091e-05
1;1;1;-4;1;-0.000640079;-1.40091e-05
1;1;5;0;1;-0.000640079;-1.40091e-05
1;1;5;4;5;-0.000640079;-1.40091e-05
1;1;-6;-3;-3;0.000187176;2.46672e-06
1;1;-5;-5;-2;-0.000223164;-4.07965e-05
1;1;-5;-2;-5;-0.000223164;-4.07965e-05
1;1;-3;-3;2;-0.000223164;-4.07965e-05
1;1;-3;0;3;0.000187176;2.46672e-06
1;1;-3;3;0;0.000187176;2.46672e-06
1;1;-2;-5;-5;-0.000223164;-4.07965e-05
1;1;0;-3;3;0.000187176;2.46672e-06
1;1;0;3;-3;0.000187176;2.46672e-06
1;1;2;5;5;-0.000223164;-4.07965e-05
1;1;3;-3;0;0.000187176;2.46672e-06
1;1;3;0;-3;0.000187176;2.46672e-06
1;1;3;3;-2;-0.000223164;-4.07965e-05
1;1;5;2;5;-0.000223164;-4.07965e-05
1;1;5;5;2;-0.000223164;-4.07965e-05
1;1;6;3;3;0.000187176;2.46672e-06
1;1;-5;-3;0;-0.000223164;-4.07965e-05
1;1;-5;0;-3;-0.000223164;-4.07965e-05
1;1;-3;-6;-3;0.000187176;2.46672e-06
1;1;-3;-5;0;-0.000223164;-4.07965e-05
1;1;-3;-3;-6;0.000187176;2.46672e-06
1;1;-3;0;-5;-0.000223164;-4.07965e-05
1;1;-3;2;-3;-0.000223164;-4.07965e-05
1;1;-2;3;3;-0.000223164;-4.07965e-05
1;1;0;-5;-3;-0.000223164;-4.07965e-05
1;1;0;-3;-5;-0.000223164;-4.07965e-05
1;1;0;3;5;-0.000223164;-4.07965e-05
1;1;0;5;3;-0.000223164;-4.07965e-05
1;1;2;-3;-3;-0.000223164;-4.07965e-05
1;1;3;-2;3;-0.000223164;-4.07965e-05
1;1;3;0;5;-0.000223164;-4.07965e-05
1;1;3;3;6;0.000187176;2.46672e-06
1;1;3;5;0;-0.000223164;-4.07965e-05
1;1;3;6;3;0.000187176;2.46672e-06
1;1;5;0;3;-0.000223164;-4.07965e-05
1;1;5;3;0;-0.000223164;-4.07965e-05
1;1;-6;-4;-3;2.08532e-05;-3.94264e-05
1;1;-6;-3;-4;2.08532e-05;-3.94264e-05
1;1;-6;-3;-2;2.08532e-05;-3.94264e-05
1;1;-6;-2;-3;2.08532e-05;-3.94264e-05
1;1;-4;-1;2;2.08532e-05;-3.94264e-05
1;1;-4;2;-1;2.08532e-05;-3.94264e-05
1;1;-3;-6;-4;2.08532e-05;-3.94264e-05
1;1;-3;-4;-6;2.08532e-05;-3.94264e-05
1;1;-3;-1;3;2.08532e-05;-3.94264e-05
1;1;-3;3;-1;2.08532e-05;-3.94264e-05
1;1;-3;3;1;2.08532e-05;-3.94264e-05
1;1;-2;4;1;2.08532e-05;-3.94264e-05
1;1;-1;-4;2;2.08532e-05;-3.94264e-05
1;1;1;4;-2;2.08532e-05;-3.94264e-05
1;1;2;-4;-1;2.08532e-05;-3.94264e-05
1;1;3;-3;-1;2.08532e-05;-3.94264e-05
1;1;3;-3;1;2.08532e-05;-3.94264e-05
1;1;3;1;-3;2.08532e-05;-3.94264e-05
1;1;3;4;6;2.08532e-05;-3.94264e-05
1;1;3;6;4;2.08532e-05;-3.94264e-05
1;1;4;-2;1;2.08532e-05;-3.94264e-05
1;1;4;1;-2;2.08532e-05;-3.94264e-05
1;1;6;2;3;2.08532e-05;-3.94264e-05
1;1;6;3;2;2.08532e-05;-3.94264e-05
1;1;6;3;4;2.08532e-05;-3.94264e-05
1;1;6;4;3;2.08532e-05;-3.94264e-05
1;1;-5;-5;-5;-0.00154268;-2.29579e-05
1;1;-5;0;0;-0.00154268;-2.29579e-05
1;1;-4;-3;-6;2.08532e-05;-3.94264e-05
1;1;-3;-6;-2;2.08532e-05;-3.94264e-05
1;1;-3;-2;-6;2.08532e-05;-3.94264e-05
1;1;-3;1;3;2.08532e-05;-3.94264e-05
1;1;-2;-6;-3;2.08532e-05;-3.94264e-05
1;1;-2;-3;-6;2.08532e-05;-3.94264e-05
1;1;-2;1;4;2.08532e-05;-3.94264e-05
1;1;-1;-3;3;2.08532e-05;-3.94264e-05
1;1;-1;2;-4;2.08532e-05;-3.94264e-05
1;1;-1;3;-3;2.08532e-05;-3.94264e-05
1;1;0;-5;0;-0.00154268;-2.29579e-05
1;1;0;0;-5;-0.00154268;-2.29579e-05
1;1;0;0;5;-0.00154268;-2.29579e-05
1;1;0;5;0;-0.00154268;-2.29579e-05
1;1;1;-3;3;2.08532e-05;-3.94264e-05
1;1;1;-2;4;2.08532e-05;-3.94264e-05
1;1;1;3;-3;2.08532e-05;-3.94264e-05
1;1;2;-1;-4;2.08532e-05;-3.94264e-05
1;1;2;3;6;2.08532e-05;-3.94264e-05
1;1;2;6;3;2.08532e-05;-3.94264e-05
1;1;3;-1;-3;2.08532e-05;-3.94264e-05
1;1;3;2;6;2.08532e-05;-3.94264e-05
1;1;3;6;2;2.08532e-05;-3.94264e-05
1;1;4;3;6;2.08532e-05;-3.94264e-05
1;1;5;0;0;-0.00154268;-2.29579e-05
1;1;5;5;5;-0.00154268;-2.29579e-05
1;1;-4;-6;-3;2.08532e-05;-3.94264e-05
1;1;4;6;3;2.08532e-05;-3.94264e-05
1;1;-6;-4;-4;8.97043e-05;1.19216e-05
1;1;-6;-2;-2;8.97043e-05;1.19216e-05
1;1;-4;-4;-6;8.97043e-05;1.19216e-05
1;1;-4;0;2;8.97043e-05;1.19216e-05
1;1;-4;2;0;8.97043e-05;1.19216e-05
1;1;-2;-6;-2;8.97043e-05;1.19216e-05
1;1;-2;-2;-6;8.97043e-05;1.19216e-05
1;1;-2;0;4;8.97043e-05;1.19216e-05
1;1;-2;4;0;8.97043e-05;1.19216e-05
1;1;0;-4;2;8.97043e-05;1.19216e-05
1;1;0;-2;4;8.97043e-05;1.19216e-05
1;1;0;2;-4;8.97043e-05;1.19216e-05
1;1;0;4;-2;8.97043e-05;1.19216e-05
1;1;2;-4;0;8.97043e-05;1.19216e-05
1;1;2;0;-4;8.97043e-05;1.19216e-05
1;1;2;2;6;8.97043e-05;1.19216e-05
1;1;2;6;2;8.97043e-05;1.19216e-05
1;1;4;-2;0;8.97043e-05;1.19216e-05
1;1;4;0;-2;8.97043e-05;1.19216e-05
1;1;4;4;6;8.97043e-05;1.19216e-05
1;1;6;2;2;8.97043e-05;1.19216e-05
1;1;6;4;4;8.97043e-05;1.19216e-05
1;1;-4;-6;-4;8.97043e-05;1.19216e-05
1;1;4;6;4;8.97043e-05;1.19216e-05
1;1;-6;-4;-2;0.000329944;4.32374e-05
1;1;-6;-2;-4;0.000329944;4.32374e-05
1;1;-4;-6;-2;0.000329944;4.32374e-05
1;1;-4;-2;-6;0.000329944;4.32374e-05
1;1;-4;-2;2;0.000329944;4.32374e-05
1;1;-4;2;-2;0.000329944;4.32374e-05
1;1;-2;-6;-4;0.000329944;4.32374e-05
1;1;-2;-4;-6;0.000329944;4.32374e-05
1;1;-2;-4;2;0.000329944;4.32374e-05
1;1;-2;2;-4;0.000329944;4.32374e-05
1;1;-2;2;4;0.000329944;4.32374e-05
1;1;-2;4;2;0.000329944;4.32374e-05
1;1;2;-4;-2;0.000329944;4.32374e-05
1;1;2;-2;-4;0.000329944;4.32374e-05
1;1;2;-2;4;0.000329944;4.32374e-05
1;1;2;4;-2;0.000329944;4.32374e-05
1;1;2;4;6;0.000329944;4.32374e-05
1;1;2;6;4;0.000329944;4.32374e-05
1;1;4;-2;2;0.000329944;4.32374e-05
1;1;4;2;-2;0.000329944;4.32374e-05
1;1;4;2;6;0.000329944;4.32374e-05
1;1;4;6;2;0.000329944;4.32374e-05
1;1;6;2;4;0.000329944;4.32374e-05
1;1;6;4;2;0.000329944;4.32374e-05
1;1;-6;-5;-4;9.43751e-05;-0.000177875
1;1;-6;-2;-1;9.43751e-05;-0.000177875
1;1;-6;-1;-2;9.43751e-05;-0.000177875
1;1;-4;2;1;9.43751e-05;-0.000177875
1;1;-2;4;-1;9.43751e-05;-0.000177875
1;1;-1;5;1;9.43751e-05;-0.000177875
1;1;1;-5;-1;9.43751e-05;-0.000177875
1;1;2;-4;1;9.43751e-05;-0.000177875
1;1;4;-2;-1;9.43751e-05;-0.000177875
1;1;6;1;2;9.43751e-05;-0.000177875
1;1;6;2;1;9.43751e-05;-0.000177875
1;1;6;5;4;9.43751e-05;-0.000177875
1;1;-6;-4;-5;9.43751e-05;-0.000177875
1;1;-5;-5;-1;0.000333602;1.66749e-05
1;1;-5;-4;-6;9.43751e-05;-0.000177875
1;1;-5;-4;0;0.000333602;1.66749e-05
1;1;-4;-6;-5;9.43751e-05;-0.000177875
1;1;-4;-5;-6;9.43751e-05;-0.000177875
1;1;-4;-5;0;0.000333602;1.66749e-05
1;1;-4;-4;1;0.000333602;1.66749e-05
1;1;-4;1;2;9.43751e-05;-0.000177875
1;1;-2;-6;-1;9.43751e-05;-0.000177875
1;1;-2;-1;-6;9.43751e-05;-0.000177875
1;1;-2;-1;4;9.43751e-05;-0.000177875
1;1;-1;-6;-2;9.43751e-05;-0.000177875
1;1;-1;-5;1;9.43751e-05;-0.000177875
1;1;-1;-2;-6;9.43751e-05;-0.000177875
1;1;-1;-2;4;9.43751e-05;-0.000177875
1;1;-1;1;-5;9.43751e-05;-0.000177875
1;1;-1;1;5;9.43751e-05;-0.000177875
1;1;-1;4;-2;9.43751e-05;-0.000177875
1;1;1;-4;2;9.43751e-05;-0.000177875
1;1;1;-1;-5;9.43751e-05;-0.000177875
1;1;1;-1;5;9.43751e-05;-0.000177875
1;1;1;2;-4;9.43751e-05;-0.000177875
1;1;1;2;6;9.43751e-05;-0.000177875
1;1;1;5;-1;9.43751e-05;-0.000177875
1;1;1;6;2;9.43751e-05;-0.000177875
1;1;2;1;-4;9.43751e-05;-0.000177875
1;1;2;1;6;9.43751e-05;-0.000177875
1;1;2;6;1;9.43751e-05;-0.000177875
1;1;4;-1;-2;9.43751e-05;-0.000177875
1;1;4;4;-1;0.000333602;1.66749e-05
1;1;4;5;0;0.000333602;1.66749e-05
1;1;4;5;6;9.43751e-05;-0.000177875
1;1;4;6;5;9.43751e-05;-0.000177875
1;1;5;4;0;0.000333602;1.66749e-05
1;1;5;4;6;9.43751e-05;-0.000177875
1;1;5;5;1;0.000333602;1.66749e-05
1;1;6;4;5;9.43751e-05;-0.000177875
1;1;-5;-6;-4;9.43751e-05;-0.000177875
1;1;-5;-1;-5;0.000333602;1.66749e-05
1;1;-5;-1;1;9.43751e-05;-0.000177875
1;1;-5;0;-4;0.000333602;1.66749e-05
1;1;-5;1;-1;9.43751e-05;-0.000177875
1;1;-4;0;-5;0.000333602;1.66749e-05
1;1;-4;1;-4;0.000333602;1.66749e-05
1;1;-1;-5;-5;0.000333602;1.66749e-05
1;1;-1;4;4;0.000333602;1.66749e-05
1;1;0;-5;-4;0.000333602;1.66749e-05
1;1;0;-4;-5;0.000333602;1.66749e-05
1;1;0;4;5;0.000333602;1.66749e-05
1;1;0;5;4;0.000333602;1.66749e-05
1;1;1;-4;-4;0.000333602;1.66749e-05
1;1;1;5;5;0.000333602;1.66749e-05
1;1;4;-1;4;0.000333602;1.66749e-05
1;1;4;0;5;0.000333602;1.66749e-05
1;1;5;-1;1;9.43751e-05;-0.000177875
1;1;5;0;4;0.000333602;1.66749e-05
1;1;5;1;-1;9.43751e-05;-0.000177875
1;1;5;1;5;0.000333602;1.66749e-05
1;1;5;6;4;9.43751e-05;-0.000177875
1;1;-6;-3;-5;2.9412e-05;-1.55774e-06
1;1;-6;-3;-1;2.9412e-05;-1.55774e-06
1;1;-6;-1;-3;2.9412e-05;-1.55774e-06
1;1;-3;3;-2;2.9412e-05;-1.55774e-06
1;1;-3;3;2;2.9412e-05;-1.55774e-06
1;1;-1;5;2;2.9412e-05;-1.55774e-06
1;1;1;-5;-2;2.9412e-05;-1.55774e-06
1;1;3;-3;-2;2.9412e-05;-1.55774e-06
1;1;3;-3;2;2.9412e-05;-1.55774e-06
1;1;6;1;3;2.9412e-05;-1.55774e-06
1;1;6;3;1;2.9412e-05;-1.55774e-06
1;1;6;3;5;2.9412e-05;-1.55774e-06
1;1;-6;-5;-3;2.9412e-05;-1.55774e-06
1;1;-5;-3;-6;2.9412e-05;-1.55774e-06
1;1;-5;-2;1;2.9412e-05;-1.55774e-06
1;1;-5;1;-2;2.9412e-05;-1.55774e-06
1;1;-3;-6;-5;2.9412e-05;-1.55774e-06
1;1;-3;-6;-1;2.9412e-05;-1.55774e-06
1;1;-3;-5;-6;2.9412e-05;-1.55774e-06
1;1;-3;-2;3;2.9412e-05;-1.55774e-06
1;1;-3;-1;-6;2.9412e-05;-1.55774e-06
1;1;-3;2;3;2.9412e-05;-1.55774e-06
1;1;-2;-5;1;2.9412e-05;-1.55774e-06
1;1;-2;-3;3;2.9412e-05;-1.55774e-06
1;1;-2;1;-5;2.9412e-05;-1.55774e-06
1;1;-2;3;-3;2.9412e-05;-1.55774e-06
1;1;-1;-6;-3;2.9412e-05;-1.55774e-06
1;1;-1;-3;-6;2.9412e-05;-1.55774e-06
1;1;-1;2;5;2.9412e-05;-1.55774e-06
1;1;1;-2;-5;2.9412e-05;-1.55774e-06
1;1;1;3;6;2.9412e-05;-1.55774e-06
1;1;1;6;3;2.9412e-05;-1.55774e-06
1;1;2;-3;3;2.9412e-05;-1.55774e-06
1;1;2;-1;5;2.9412e-05;-1.55774e-06
1;1;2;3;-3;2.9412e-05;-1.55774e-06
1;1;2;5;-1;2.9412e-05;-1.55774e-06
1;1;3;-2;-3;2.9412e-05;-1.55774e-06
1;1;3;1;6;2.9412e-05;-1.55774e-06
1;1;3;2;-3;2.9412e-05;-1.55774e-06
1;1;3;5;6;2.9412e-05;-1.55774e-06
1;1;3;6;1;2.9412e-05;-1.55774e-06
1;1;3;6;5;2.9412e-05;-1.55774e-06
1;1;5;-1;2;2.9412e-05;-1.55774e-06
1;1;5;2;-1;2.9412e-05;-1.55774e-06
1;1;5;3;6;2.9412e-05;-1.55774e-06
1;1;6;5;3;2.9412e-05;-1.55774e-06
1;1;-5;-6;-3;2.9412e-05;-1.55774e-06
1;1;5;6;3;2.9412e-05;-1.55774e-06
1;1;-6;-5;-5;-0.000130426;0.000252657
1;1;-6;-1;-1;-0.000130426;0.000252657
1;1;-1;-1;-6;-0.000130426;0.000252657
1;1;-1;0;5;-0.000130426;0.000252657
1;1;-1;5;0;-0.000130426;0.000252657
1;1;0;-1;5;-0.000130426;0.000252657
1;1;0;1;-5;-0.000130426;0.000252657
1;1;1;-5;0;-0.000130426;0.000252657
1;1;1;0;-5;-0.000130426;0.000252657
1;1;1;1;6;-0.000130426;0.000252657
1;1;6;1;1;-0.000130426;0.000252657
1;1;6;5;5;-0.000130426;0.000252657
1;1;-5;-6;-5;-0.000130426;0.000252657
1;1;-5;-5;-6;-0.000130426;0.000252657
1;1;-5;0;1;-0.000130426;0.000252657
1;1;-5;1;0;-0.000130426;0.000252657
1;1;-1;-6;-1;-0.000130426;0.000252657
1;1;0;-5;1;-0.000130426;0.000252657
1;1;0;5;-1;-0.000130426;0.000252657
1;1;1;6;1;-0.000130426;0.000252657
1;1;5;-1;0;-0.000130426;0.000252657
1;1;5;0;-1;-0.000130426;0.000252657
1;1;5;5;6;-0.000130426;0.000252657
1;1;5;6;5;-0.000130426;0.000252657
1;1;-6;-4;-1;9.02959e-05;-1.25238e-05
1;1;-6;-2;-5;9.02959e-05;-1.25238e-05
1;1;-6;-1;-4;9.02959e-05;-1.25238e-05
1;1;-4;2;-3;9.02959e-05;-1.25238e-05
1;1;-2;4;3;9.02959e-05;-1.25238e-05
1;1;-1;5;3;9.02959e-05;-1.25238e-05
1;1;1;-5;-3;9.02959e-05;-1.25238e-05
1;1;2;-4;-3;9.02959e-05;-1.25238e-05
1;1;4;-2;3;9.02959e-05;-1.25238e-05
1;1;6;1;4;9.02959e-05;-1.25238e-05
1;1;6;2;5;9.02959e-05;-1.25238e-05
1;1;6;4;1;9.02959e-05;-1.25238e-05
1;1;-6;-5;-2;9.02959e-05;-1.25238e-05
1;1;-5;-6;-2;9.02959e-05;-1.25238e-05
1;1;-5;-3;1;9.02959e-05;-1.25238e-05
1;1;-5;-2;-6;9.02959e-05;-1.25238e-05
1;1;-5;1;-3;9.02959e-05;-1.25238e-05
1;1;-4;-6;-1;9.02959e-05;-1.25238e-05
1;1;-4;-3;2;9.02959e-05;-1.25238e-05
1;1;-4;-1;-6;9.02959e-05;-1.25238e-05
1;1;-3;-5;1;9.02959e-05;-1.25238e-05
1;1;-3;-4;2;9.02959e-05;-1.25238e-05
1;1;-3;1;-5;9.02959e-05;-1.25238e-05
1;1;-3;2;-4;9.02959e-05;-1.25238e-05
1;1;-2;-6;-5;9.02959e-05;-1.25238e-05
1;1;-2;-5;-6;9.02959e-05;-1.25238e-05
1;1;-2;3;4;9.02959e-05;-1.25238e-05
1;1;-1;-6;-4;9.02959e-05;-1.25238e-05
1;1;-1;-4;-6;9.02959e-05;-1.25238e-05
1;1;-1;3;5;9.02959e-05;-1.25238e-05
1;1;1;-3;-5;9.02959e-05;-1.25238e-05
1;1;1;4;6;9.02959e-05;-1.25238e-05
1;1;1;6;4;9.02959e-05;-1.25238e-05
1;1;2;-3;-4;9.02959e-05;-1.25238e-05
1;1;2;5;6;9.02959e-05;-1.25238e-05
1;1;2;6;5;9.02959e-05;-1.25238e-05
1;1;3;-2;4;9.02959e-05;-1.25238e-05
1;1;3;-1;5;9.02959e-05;-1.25238e-05
1;1;3;4;-2;9.02959e-05;-1.25238e-05
1;1;3;5;-1;9.02959e-05;-1.25238e-05
1;1;4;1;6;9.02959e-05;-1.25238e-05
1;1;4;3;-2;9.02959e-05;-1.25238e-05
1;1;4;6;1;9.02959e-05;-1.25238e-05
1;1;5;-1;3;9.02959e-05;-1.25238e-05
1;1;5;2;6;9.02959e-05;-1.25238e-05
1;1;5;3;-1;9.02959e-05;-1.25238e-05
1;1;5;6;2;9.02959e-05;-1.25238e-05
1;1;6;5;2;9.02959e-05;-1.25238e-05
1;1;-6;-6;-4;0.000423842;-2.59463e-05
1;1;-6;-2;0;0.000423842;-2.59463e-05
1;1;-6;0;-2;0.000423842;-2.59463e-05
1;1;-4;2;2;0.000423842;-2.59463e-05
1;1;-2;4;-2;0.000423842;-2.59463e-05
1;1;0;-6;-2;0.000423842;-2.59463e-05
1;1;0;6;2;0.000423842;-2.59463e-05
1;1;2;-4;2;0.000423842;-2.59463e-05
1;1;4;-2;-2;0.000423842;-2.59463e-05
1;1;6;0;2;0.000423842;-2.59463e-05
1;1;6;2;0;0.000423842;-2.59463e-05
1;1;6;6;4;0.000423842;-2.59463e-05
1;1;-6;-4;-6;0.000423842;-2.59463e-05
1;1;-2;-6;0;0.000423842;-2.59463e-05
1;1;-2;-2;4;0.000423842;-2.59463e-05
1;1;-2;0;-6;0.000423842;-2.59463e-05
1;1;0;-2;-6;0.000423842;-2.59463e-05
1;1;0;2;6;0.000423842;-2.59463e-05
1;1;2;0;6;0.000423842;-2.59463e-05
1;1;2;2;-4;0.000423842;-2.59463e-05
1;1;2;6;0;0.000423842;-2.59463e-05
1;1;6;4;6;0.000423842;-2.59463e-05
1;1;-4;-6;-6;0.000423842;-2.59463e-05
1;1;4;6;6;0.000423842;-2.59463e-05
1;1;-6;-6;-5;-0.000371867;3.87752e-05
1;1;-6;-3;0;0.00049472;-1.48837e-05
1;1;-6;-1;0;-0.000371867;3.87752e-05
1;1;-6;0;-3;0.00049472;-1.48837e-05
1;1;-6;0;-1;-0.000371867;3.87752e-05
1;1;-3;-3;3;0.00049472;-1.48837e-05
1;1;-3;3;-3;0.00049472;-1.48837e-05
1;1;-3;3;3;0.00049472;-1.48837e-05
1;1;-1;5;-1;-0.000371867;3.87752e-05
1;1;0;-6;-3;0.00049472;-1.48837e-05
1;1;0;-6;-1;-0.000371867;3.87752e-05
1;1;0;6;1;-0.000371867;3.87752e-05
1;1;0;6;3;0.00049472;-1.48837e-05
1;1;1;-5;1;-0.000371867;3.87752e-05
1;1;3;-3;-3;0.00049472;-1.48837e-05
1;1;3;-3;3;0.00049472;-1.48837e-05
1;1;3;3;-3;0.00049472;-1.48837e-05
1;1;6;0;1;-0.000371867;3.87752e-05
1;1;6;0;3;0.00049472;-1.48837e-05
1;1;6;1;0;-0.000371867;3.87752e-05
1;1;6;3;0;0.00049472;-1.48837e-05
1;1;6;6;5;-0.000371867;3.87752e-05
1;1;-7;-4;-4;-0.000148963;1.63745e-05
1;1;-7;-3;-3;-0.000148963;1.63745e-05
1;1;-6;-6;-3;0.00049472;-1.48837e-05
1;1;-6;-5;-6;-0.000371867;3.87752e-05
1;1;-4;-7;-4;-0.000148963;1.63745e-05
1;1;-4;-4;-7;-0.000148963;1.63745e-05
1;1;-4;0;3;-0.000148963;1.63745e-05
1;1;-4;3;0;-0.000148963;1.63745e-05
1;1;-3;-7;-3;-0.000148963;1.63745e-05
1;1;-3;-3;-7;-0.000148963;1.63745e-05
1;1;-3;0;4;-0.000148963;1.63745e-05
1;1;-3;4;0;-0.000148963;1.63745e-05
1;1;-1;-6;0;-0.000371867;3.87752e-05
1;1;-1;-1;5;-0.000371867;3.87752e-05
1;1;-1;0;-6;-0.000371867;3.87752e-05
1;1;0;-4;3;-0.000148963;1.63745e-05
1;1;0;-3;4;-0.000148963;1.63745e-05
1;1;0;-1;-6;-0.000371867;3.87752e-05
1;1;0;1;6;-0.000371867;3.87752e-05
1;1;0;3;-4;-0.000148963;1.63745e-05
1;1;0;4;-3;-0.000148963;1.63745e-05
1;1;1;0;6;-0.000371867;3.87752e-05
1;1;1;1;-5;-0.000371867;3.87752e-05
1;1;1;6;0;-0.000371867;3.87752e-05
1;1;3;-4;0;-0.000148963;1.63745e-05
1;1;3;0;-4;-0.000148963;1.63745e-05
1;1;3;3;7;-0.000148963;1.63745e-05
1;1;3;7;3;-0.000148963;1.63745e-05
1;1;4;-3;0;-0.000148963;1.63745e-05
1;1;4;0;-3;-0.000148963;1.63745e-05
1;1;4;4;7;-0.000148963;1.63745e-05
1;1;4;7;4;-0.000148963;1.63745e-05
1;1;6;5;6;-0.000371867;3.87752e-05
1;1;6;6;3;0.00049472;-1.48837e-05
1;1;7;3;3;-0.000148963;1.63745e-05
1;1;7;4;4;-0.000148963;1.63745e-05
1;1;-6;-3;-6;0.00049472;-1.48837e-05
1;1;-5;-6;-6;-0.000371867;3.87752e-05
1;1;-5;1;1;-0.000371867;3.87752e-05
1;1;-3;-6;-6;0.00049472;-1.48837e-05
1;1;-3;-6;0;0.00049472;-1.48837e-05
1;1;-3;0;-6;0.00049472;-1.48837e-05
1;1;0;-3;-6;0.00049472;-1.48837e-05
1;1;0;3;6;0.00049472;-1.48837e-05
1;1;3;0;6;0.00049472;-1.48837e-05
1;1;3;6;0;0.00049472;-1.48837e-05
1;1;3;6;6;0.00049472;-1.48837e-05
1;1;5;-1;-1;-0.000371867;3.87752e-05
1;1;5;6;6;-0.000371867;3.87752e-05
1;1;6;3;6;0.00049472;-1.48837e-05
1;1;-7;-4;-3;-0.000127844;-5.32974e-06
1;1;-7;-3;-4;-0.000127844;-5.32974e-06
1;1;-4;-7;-3;-0.000127844;-5.32974e-06
1;1;-4;-3;-7;-0.000127844;-5.32974e-06
1;1;-4;-1;3;-0.000127844;-5.32974e-06
1;1;-4;3;-1;-0.000127844;-5.32974e-06
1;1;-3;-7;-4;-0.000127844;-5.32974e-06
1;1;-3;-4;-7;-0.000127844;-5.32974e-06
1;1;-3;1;4;-0.000127844;-5.32974e-06
1;1;-3;4;1;-0.000127844;-5.32974e-06
1;1;-1;-4;3;-0.000127844;-5.32974e-06
1;1;-1;3;-4;-0.000127844;-5.32974e-06
1;1;1;-3;4;-0.000127844;-5.32974e-06
1;1;1;4;-3;-0.000127844;-5.32974e-06
1;1;3;-4;-1;-0.000127844;-5.32974e-06
1;1;3;-1;-4;-0.000127844;-5.32974e-06
1;1;3;4;7;-0.000127844;-5.32974e-06
1;1;3;7;4;-0.000127844;-5.32974e-06
1;1;4;-3;1;-0.000127844;-5.32974e-06
1;1;4;1;-3;-0.000127844;-5.32974e-06
1;1;4;3;7;-0.000127844;-5.32974e-06
1;1;4;7;3;-0.000127844;-5.32974e-06
1;1;7;3;4;-0.000127844;-5.32974e-06
1;1;7;4;3;-0.000127844;-5.32974e-06
1;1;-5;-5;0;0.00167277;3.11888e-05
1;1;-5;0;-5;0.00167277;3.11888e-05
1;1;0;-5;-5;0.00167277;3.11888e-05
1;1;0;5;5;0.00167277;3.11888e-05
1;1;5;0;5;0.00167277;3.11888e-05
1;1;5;5;0;0.00167277;3.11888e-05
