i;j;j-coordinate;N_k;Xzz
1;1;(-1.0, -1.0, -1.0);583;0.0185088
1;1;(1.0, 1.0, 1.0);583;0.0185088
1;1;(0.0, -1.0, 0.0);577;0.00893015
1;1;(0.0, 0.0, -1.0);577;0.00893015
1;1;(0.0, 0.0, 1.0);577;0.00893015
1;1;(0.0, 1.0, 0.0);577;0.00893015
1;1;(-1.0, 0.0, 0.0);579;-0.0558515
1;1;(1.0, 0.0, 0.0);579;-0.0558515
1;1;(0.0, -1.0, -1.0);567;0.01806565
1;1;(0.0, 1.0, 1.0);567;0.01806565
1;1;(-1.0, -1.0, 0.0);565;0.0247339
1;1;(-1.0, 0.0, -1.0);565;0.0247339
1;1;(1.0, 0.0, 1.0);565;0.0247339
1;1;(1.0, 1.0, 0.0);565;0.0247339
1;1;(-1.0, -2.0, -1.0);515;0.000943115
1;1;(-1.0, -1.0, -2.0);515;0.000943115
1;1;(1.0, 1.0, 2.0);515;0.000943115
1;1;(1.0, 2.0, 1.0);515;0.000943115
1;1;(-2.0, -1.0, -1.0);519;-0.001050935
1;1;(2.0, 1.0, 1.0);519;-0.001050935
1;1;(-1.0, 0.0, 1.0);515;-0.0001447225
1;1;(-1.0, 1.0, 0.0);515;-0.0001447225
1;1;(1.0, -1.0, 0.0);515;-0.0001447225
1;1;(1.0, 0.0, -1.0);515;-0.0001447225
1;1;(0.0, -1.0, 1.0);515;-0.00225702
1;1;(0.0, 1.0, -1.0);515;-0.00225702
1;1;(-1.0, -2.0, -2.0);493;0.00326583
1;1;(1.0, 2.0, 2.0);493;0.00326583
1;1;(0.0, -2.0, -1.0);485;0.00077661
1;1;(0.0, -1.0, -2.0);485;0.00077661
1;1;(0.0, 1.0, 2.0);485;0.00077661
1;1;(0.0, 2.0, 1.0);485;0.00077661
1;1;(-2.0, -2.0, -1.0);489;-0.0068004
1;1;(-2.0, -1.0, -2.0);489;-0.0068004
1;1;(2.0, 1.0, 2.0);489;-0.0068004
1;1;(2.0, 2.0, 1.0);489;-0.0068004
1;1;(-1.0, 1.0, 1.0);493;-0.001292135
1;1;(1.0, -1.0, -1.0);493;-0.001292135
1;1;(-1.0, -2.0, 0.0);485;-0.000439605
1;1;(-1.0, 0.0, -2.0);485;-0.000439605
1;1;(1.0, 0.0, 2.0);485;-0.000439605
1;1;(1.0, 2.0, 0.0);485;-0.000439605
1;1;(-2.0, -1.0, 0.0);485;-0.001171005
1;1;(-2.0, 0.0, -1.0);485;-0.001171005
1;1;(2.0, 0.0, 1.0);485;-0.001171005
1;1;(2.0, 1.0, 0.0);485;-0.001171005
1;1;(-1.0, -1.0, 1.0);489;-0.00100155
1;1;(-1.0, 1.0, -1.0);489;-0.00100155
1;1;(1.0, -1.0, 1.0);489;-0.00100155
1;1;(1.0, 1.0, -1.0);489;-0.00100155
1;1;(-2.0, -2.0, -2.0);488;0.016657
1;1;(2.0, 2.0, 2.0);488;0.016657
1;1;(0.0, -2.0, 0.0);480;0.003327175
1;1;(0.0, 0.0, -2.0);480;0.003327175
1;1;(0.0, 0.0, 2.0);480;0.003327175
1;1;(0.0, 2.0, 0.0);480;0.003327175
1;1;(-2.0, 0.0, 0.0);484;0.00086422
1;1;(2.0, 0.0, 0.0);484;0.00086422
1;1;(0.0, -2.0, -2.0);454;0.003165745
1;1;(0.0, 2.0, 2.0);454;0.003165745
1;1;(-2.0, -2.0, 0.0);450;0.0038176
1;1;(-2.0, 0.0, -2.0);450;0.0038176
1;1;(2.0, 0.0, 2.0);450;0.0038176
1;1;(2.0, 2.0, 0.0);450;0.0038176
1;1;(-2.0, -3.0, -2.0);435;0.0003267465
1;1;(-2.0, -2.0, -3.0);435;0.0003267465
1;1;(2.0, 2.0, 3.0);435;0.0003267465
1;1;(2.0, 3.0, 2.0);435;0.0003267465
1;1;(-3.0, -2.0, -2.0);435;0.000626095
1;1;(3.0, 2.0, 2.0);435;0.000626095
1;1;(-1.0, -1.0, -3.0);431;0.000797585
1;1;(1.0, 1.0, 3.0);431;0.000797585
1;1;(-1.0, -3.0, -1.0);431;0.000797585
1;1;(1.0, 3.0, 1.0);431;0.000797585
1;1;(-3.0, -1.0, -1.0);435;0.0002180905
1;1;(3.0, 1.0, 1.0);435;0.0002180905
1;1;(-1.0, 0.0, 2.0);429;0.002618905
1;1;(-1.0, 2.0, 0.0);429;0.002618905
1;1;(1.0, -2.0, 0.0);429;0.002618905
1;1;(1.0, 0.0, -2.0);429;0.002618905
1;1;(-2.0, 0.0, 1.0);429;0.0002600975
1;1;(-2.0, 1.0, 0.0);429;0.0002600975
1;1;(2.0, -1.0, 0.0);429;0.0002600975
1;1;(2.0, 0.0, -1.0);429;0.0002600975
1;1;(0.0, -1.0, 2.0);427;0.000336898
1;1;(0.0, 1.0, -2.0);427;0.000336898
1;1;(0.0, -2.0, 1.0);427;0.000336898
1;1;(0.0, 2.0, -1.0);427;0.000336898
1;1;(-1.0, -3.0, -2.0);427;-0.0001564295
1;1;(-1.0, -2.0, -3.0);427;-0.0001564295
1;1;(1.0, 2.0, 3.0);427;-0.0001564295
1;1;(1.0, 3.0, 2.0);427;-0.0001564295
1;1;(-2.0, -3.0, -1.0);423;0.000240704
1;1;(-2.0, -1.0, -3.0);423;0.000240704
1;1;(2.0, 1.0, 3.0);423;0.000240704
1;1;(2.0, 3.0, 1.0);423;0.000240704
1;1;(-1.0, 1.0, 2.0);423;-0.000937345
1;1;(-1.0, 2.0, 1.0);423;-0.000937345
1;1;(1.0, -2.0, -1.0);423;-0.000937345
1;1;(1.0, -1.0, -2.0);423;-0.000937345
1;1;(-3.0, -2.0, -1.0);425;-0.000277193
1;1;(-3.0, -1.0, -2.0);425;-0.000277193
1;1;(3.0, 1.0, 2.0);425;-0.000277193
1;1;(3.0, 2.0, 1.0);425;-0.000277193
1;1;(-2.0, -1.0, 1.0);423;-2.41243e-05
1;1;(-2.0, 1.0, -1.0);423;-2.41243e-05
1;1;(2.0, -1.0, 1.0);423;-2.41243e-05
1;1;(2.0, 1.0, -1.0);423;-2.41243e-05
1;1;(-1.0, 1.0, -2.0);421;-0.0006826
1;1;(1.0, -1.0, 2.0);421;-0.0006826
1;1;(-1.0, -2.0, 1.0);421;-0.0006826
1;1;(1.0, 2.0, -1.0);421;-0.0006826
1;1;(-2.0, -3.0, -3.0);413;0.00131241
1;1;(2.0, 3.0, 3.0);413;0.00131241
1;1;(-3.0, -3.0, -2.0);405;0.004889195
1;1;(-3.0, -2.0, -3.0);405;0.004889195
1;1;(3.0, 2.0, 3.0);405;0.004889195
1;1;(3.0, 3.0, 2.0);405;0.004889195
1;1;(0.0, -3.0, -1.0);401;0.0004923345
1;1;(0.0, -1.0, -3.0);401;0.0004923345
1;1;(0.0, 1.0, 3.0);401;0.0004923345
1;1;(0.0, 3.0, 1.0);401;0.0004923345
1;1;(-1.0, -3.0, 0.0);397;0.00128736
1;1;(-1.0, 0.0, -3.0);397;0.00128736
1;1;(1.0, 0.0, 3.0);397;0.00128736
1;1;(1.0, 3.0, 0.0);397;0.00128736
1;1;(-2.0, 1.0, 1.0);405;0.0001175425
1;1;(2.0, -1.0, -1.0);405;0.0001175425
1;1;(-3.0, -1.0, 0.0);401;0.000809895
1;1;(-3.0, 0.0, -1.0);401;0.000809895
1;1;(3.0, 0.0, 1.0);401;0.000809895
1;1;(3.0, 1.0, 0.0);401;0.000809895
1;1;(-1.0, -1.0, 2.0);401;0.000940325
1;1;(1.0, 1.0, -2.0);401;0.000940325
1;1;(-1.0, 2.0, -1.0);401;0.000940325
1;1;(1.0, -2.0, 1.0);401;0.000940325
1;1;(-1.0, -3.0, -3.0);391;-0.00043304
1;1;(1.0, 3.0, 3.0);391;-0.00043304
1;1;(-3.0, -3.0, -3.0);397;-0.002662935
1;1;(3.0, 3.0, 3.0);397;-0.002662935
1;1;(0.0, -3.0, -2.0);387;-0.0001451085
1;1;(0.0, 3.0, 2.0);387;-0.0001451085
1;1;(0.0, -2.0, -3.0);387;-0.0001451085
1;1;(0.0, 2.0, 3.0);387;-0.0001451085
1;1;(-1.0, 2.0, 2.0);391;0.000555305
1;1;(1.0, -2.0, -2.0);391;0.000555305
1;1;(-3.0, -3.0, -1.0);387;-0.00061301
1;1;(-3.0, -1.0, -3.0);387;-0.00061301
1;1;(3.0, 1.0, 3.0);387;-0.00061301
1;1;(3.0, 3.0, 1.0);387;-0.00061301
1;1;(0.0, -3.0, 0.0);385;-0.000332072
1;1;(0.0, 0.0, -3.0);385;-0.000332072
1;1;(0.0, 0.0, 3.0);385;-0.000332072
1;1;(0.0, 3.0, 0.0);385;-0.000332072
1;1;(-2.0, 0.0, -3.0);385;-0.000882885
1;1;(2.0, 0.0, 3.0);385;-0.000882885
1;1;(-2.0, -3.0, 0.0);385;-0.000882885
1;1;(2.0, 3.0, 0.0);385;-0.000882885
1;1;(-3.0, 0.0, -2.0);385;0.0002403485
1;1;(3.0, 0.0, 2.0);385;0.0002403485
1;1;(-3.0, -2.0, 0.0);385;0.0002403485
1;1;(3.0, 2.0, 0.0);385;0.0002403485
1;1;(-3.0, 0.0, 0.0);389;0.000736715
1;1;(3.0, 0.0, 0.0);389;0.000736715
1;1;(-2.0, 1.0, -2.0);387;-6.29225e-05
1;1;(2.0, -1.0, 2.0);387;-6.29225e-05
1;1;(-2.0, -2.0, 1.0);387;-6.29225e-05
1;1;(2.0, 2.0, -1.0);387;-6.29225e-05
1;1;(-2.0, -4.0, -2.0);364;-0.0002824795
1;1;(-2.0, -2.0, -4.0);364;-0.0002824795
1;1;(2.0, 2.0, 4.0);364;-0.0002824795
1;1;(2.0, 4.0, 2.0);364;-0.0002824795
1;1;(-4.0, -2.0, -2.0);368;-0.0003343675
1;1;(4.0, 2.0, 2.0);368;-0.0003343675
1;1;(-2.0, 0.0, 2.0);362;-0.00085739
1;1;(-2.0, 2.0, 0.0);362;-0.00085739
1;1;(2.0, -2.0, 0.0);362;-0.00085739
1;1;(2.0, 0.0, -2.0);362;-0.00085739
1;1;(0.0, -2.0, 2.0);360;-0.000633765
1;1;(0.0, 2.0, -2.0);360;-0.000633765
1;1;(-2.0, -3.0, -4.0);353;9.6803e-05
1;1;(2.0, 3.0, 4.0);353;9.6803e-05
1;1;(-2.0, -4.0, -3.0);353;9.6803e-05
1;1;(2.0, 4.0, 3.0);353;9.6803e-05
1;1;(-1.0, -2.0, -4.0);347;0.0003228275
1;1;(1.0, 2.0, 4.0);347;0.0003228275
1;1;(-1.0, -4.0, -2.0);347;0.0003228275
1;1;(1.0, 4.0, 2.0);347;0.0003228275
1;1;(-3.0, -4.0, -2.0);347;-0.0002453365
1;1;(-3.0, -2.0, -4.0);347;-0.0002453365
1;1;(3.0, 2.0, 4.0);347;-0.0002453365
1;1;(3.0, 4.0, 2.0);347;-0.0002453365
1;1;(-4.0, -3.0, -2.0);347;-0.0001306575
1;1;(-4.0, -2.0, -3.0);347;-0.0001306575
1;1;(4.0, 2.0, 3.0);347;-0.0001306575
1;1;(4.0, 3.0, 2.0);347;-0.0001306575
1;1;(-2.0, -1.0, -4.0);343;-3.92514e-05
1;1;(2.0, 1.0, 4.0);343;-3.92514e-05
1;1;(-2.0, -4.0, -1.0);343;-3.92514e-05
1;1;(2.0, 4.0, 1.0);343;-3.92514e-05
1;1;(-1.0, 1.0, 3.0);345;-2.719215e-05
1;1;(-1.0, 3.0, 1.0);345;-2.719215e-05
1;1;(1.0, -3.0, -1.0);345;-2.719215e-05
1;1;(1.0, -1.0, -3.0);345;-2.719215e-05
1;1;(-2.0, 1.0, 2.0);347;7.40685e-05
1;1;(-2.0, 2.0, 1.0);347;7.40685e-05
1;1;(2.0, -2.0, -1.0);347;7.40685e-05
1;1;(2.0, -1.0, -2.0);347;7.40685e-05
1;1;(-4.0, -2.0, -1.0);345;0.000146658
1;1;(-4.0, -1.0, -2.0);345;0.000146658
1;1;(4.0, 1.0, 2.0);345;0.000146658
1;1;(4.0, 2.0, 1.0);345;0.000146658
1;1;(-3.0, -1.0, 1.0);345;7.39015e-06
1;1;(-3.0, 1.0, -1.0);345;7.39015e-06
1;1;(3.0, -1.0, 1.0);345;7.39015e-06
1;1;(3.0, 1.0, -1.0);345;7.39015e-06
1;1;(-2.0, -1.0, 2.0);345;0.000173792
1;1;(-2.0, 2.0, -1.0);345;0.000173792
1;1;(-1.0, 1.0, -3.0);341;3.167355e-05
1;1;(1.0, -1.0, 3.0);341;3.167355e-05
1;1;(2.0, -2.0, 1.0);345;0.000173792
1;1;(2.0, 1.0, -2.0);345;0.000173792
1;1;(-1.0, -3.0, 1.0);341;3.167355e-05
1;1;(1.0, 3.0, -1.0);341;3.167355e-05
1;1;(-1.0, -2.0, 2.0);343;-0.000202216
1;1;(-1.0, 2.0, -2.0);343;-0.000202216
1;1;(1.0, -2.0, 2.0);343;-0.000202216
1;1;(1.0, 2.0, -2.0);343;-0.000202216
1;1;(-3.0, -4.0, -3.0);349;0.0001867705
1;1;(-3.0, -3.0, -4.0);349;0.0001867705
1;1;(3.0, 3.0, 4.0);349;0.0001867705
1;1;(3.0, 4.0, 3.0);349;0.0001867705
1;1;(0.0, -3.0, -3.0);345;-0.000252147
1;1;(0.0, 3.0, 3.0);345;-0.000252147
1;1;(-4.0, -3.0, -3.0);347;-6.76415e-05
1;1;(4.0, 3.0, 3.0);347;-6.76415e-05
1;1;(-1.0, -1.0, -4.0);339;0.00010833
1;1;(1.0, 1.0, 4.0);339;0.00010833
1;1;(-1.0, -4.0, -1.0);339;0.00010833
1;1;(1.0, 4.0, 1.0);339;0.00010833
1;1;(-1.0, 0.0, 3.0);339;-3.026555e-05
1;1;(-1.0, 3.0, 0.0);339;-3.026555e-05
1;1;(1.0, -3.0, 0.0);339;-3.026555e-05
1;1;(1.0, 0.0, -3.0);339;-3.026555e-05
1;1;(-3.0, 0.0, -3.0);341;3.684385e-06
1;1;(3.0, 0.0, 3.0);341;3.684385e-06
1;1;(-3.0, -3.0, 0.0);341;3.684385e-06
1;1;(3.0, 3.0, 0.0);341;3.684385e-06
1;1;(-4.0, -1.0, -1.0);343;-4.26297e-07
1;1;(4.0, 1.0, 1.0);343;-4.26297e-07
1;1;(-3.0, 0.0, 1.0);341;-0.0002042615
1;1;(-3.0, 1.0, 0.0);341;-0.0002042615
1;1;(3.0, -1.0, 0.0);341;-0.0002042615
1;1;(3.0, 0.0, -1.0);341;-0.0002042615
1;1;(0.0, -1.0, 3.0);337;7.79595e-05
1;1;(0.0, 1.0, -3.0);337;7.79595e-05
1;1;(0.0, -3.0, 1.0);337;7.79595e-05
1;1;(0.0, 3.0, -1.0);337;7.79595e-05
1;1;(-1.0, -3.0, -4.0);327;1.155985e-05
1;1;(1.0, 3.0, 4.0);327;1.155985e-05
1;1;(-1.0, -4.0, -3.0);327;1.155985e-05
1;1;(1.0, 4.0, 3.0);327;1.155985e-05
1;1;(-1.0, 2.0, 3.0);323;2.306975e-05
1;1;(-1.0, 3.0, 2.0);323;2.306975e-05
1;1;(1.0, -3.0, -2.0);323;2.306975e-05
1;1;(1.0, -2.0, -3.0);323;2.306975e-05
1;1;(-3.0, -4.0, -1.0);321;-7.5822e-05
1;1;(-3.0, -1.0, -4.0);321;-7.5822e-05
1;1;(3.0, 1.0, 4.0);321;-7.5822e-05
1;1;(3.0, 4.0, 1.0);321;-7.5822e-05
1;1;(-4.0, -3.0, -1.0);323;0.000108802
1;1;(-4.0, -1.0, -3.0);323;0.000108802
1;1;(4.0, 1.0, 3.0);323;0.000108802
1;1;(4.0, 3.0, 1.0);323;0.000108802
1;1;(-3.0, 1.0, -2.0);321;-4.77943e-05
1;1;(-2.0, 1.0, -3.0);319;-3.462295e-05
1;1;(2.0, -1.0, 3.0);319;-3.462295e-05
1;1;(3.0, -1.0, 2.0);321;-4.77943e-05
1;1;(-3.0, -2.0, 1.0);321;-4.77943e-05
1;1;(-2.0, -3.0, 1.0);319;-3.462295e-05
1;1;(2.0, 3.0, -1.0);319;-3.462295e-05
1;1;(3.0, 2.0, -1.0);321;-4.77943e-05
1;1;(-3.0, -4.0, -4.0);325;-0.000653435
1;1;(3.0, 4.0, 4.0);325;-0.000653435
1;1;(-4.0, -4.0, -3.0);321;-0.00137889
1;1;(-4.0, -3.0, -4.0);321;-0.00137889
1;1;(4.0, 3.0, 4.0);321;-0.00137889
1;1;(4.0, 4.0, 3.0);321;-0.00137889
1;1;(0.0, -1.0, -4.0);313;1.03945e-05
1;1;(0.0, 1.0, 4.0);313;1.03945e-05
1;1;(0.0, -4.0, -1.0);313;1.03945e-05
1;1;(0.0, 4.0, 1.0);313;1.03945e-05
1;1;(-1.0, -4.0, 0.0);311;-0.000514995
1;1;(-1.0, 0.0, -4.0);311;-0.000514995
1;1;(1.0, 0.0, 4.0);311;-0.000514995
1;1;(1.0, 4.0, 0.0);311;-0.000514995
1;1;(-3.0, 1.0, 1.0);317;-6.1426e-06
1;1;(3.0, -1.0, -1.0);317;-6.1426e-06
1;1;(-4.0, -1.0, 0.0);315;-0.0001146625
1;1;(-4.0, 0.0, -1.0);315;-0.0001146625
1;1;(4.0, 0.0, 1.0);315;-0.0001146625
1;1;(4.0, 1.0, 0.0);315;-0.0001146625
1;1;(-1.0, -1.0, 3.0);313;-7.71135e-05
1;1;(1.0, 1.0, -3.0);313;-7.71135e-05
1;1;(-1.0, 3.0, -1.0);313;-7.71135e-05
1;1;(1.0, -3.0, 1.0);313;-7.71135e-05
1;1;(-2.0, -4.0, -4.0);322;-0.0004858915
1;1;(2.0, 4.0, 4.0);322;-0.0004858915
1;1;(0.0, -4.0, -2.0);314;-0.000583385
1;1;(0.0, -2.0, -4.0);314;-0.000583385
1;1;(0.0, 2.0, 4.0);314;-0.000583385
1;1;(0.0, 4.0, 2.0);314;-0.000583385
1;1;(-4.0, -4.0, -2.0);314;-8.36505e-05
1;1;(-4.0, -2.0, -4.0);314;-8.36505e-05
1;1;(4.0, 2.0, 4.0);314;-8.36505e-05
1;1;(4.0, 4.0, 2.0);314;-8.36505e-05
1;1;(-2.0, 2.0, 2.0);314;-0.00079892
1;1;(2.0, -2.0, -2.0);314;-0.00079892
1;1;(-2.0, -4.0, 0.0);308;-0.000570205
1;1;(-2.0, 0.0, -4.0);308;-0.000570205
1;1;(2.0, 0.0, 4.0);308;-0.000570205
1;1;(2.0, 4.0, 0.0);308;-0.000570205
1;1;(-4.0, -2.0, 0.0);312;-0.0004782115
1;1;(-4.0, 0.0, -2.0);312;-0.0004782115
1;1;(4.0, 0.0, 2.0);312;-0.0004782115
1;1;(4.0, 2.0, 0.0);312;-0.0004782115
1;1;(-2.0, -2.0, 2.0);310;-0.0004007035
1;1;(-2.0, 2.0, -2.0);310;-0.0004007035
1;1;(2.0, -2.0, 2.0);310;-0.0004007035
1;1;(2.0, 2.0, -2.0);310;-0.0004007035
1;1;(-4.0, -4.0, -4.0);306;0.0004111085
1;1;(4.0, 4.0, 4.0);306;0.0004111085
1;1;(0.0, -4.0, 0.0);294;1.0214e-05
1;1;(0.0, 0.0, -4.0);294;1.0214e-05
1;1;(0.0, 0.0, 4.0);294;1.0214e-05
1;1;(0.0, 4.0, 0.0);294;1.0214e-05
1;1;(-4.0, 0.0, 0.0);298;-0.0002777315
1;1;(4.0, 0.0, 0.0);298;-0.0002777315
1;1;(-1.0, -4.0, -4.0);287;-3.514195e-05
1;1;(1.0, 4.0, 4.0);287;-3.514195e-05
1;1;(-3.0, -3.0, -5.0);293;1.312925e-05
1;1;(3.0, 3.0, 5.0);293;1.312925e-05
1;1;(-3.0, -5.0, -3.0);293;1.312925e-05
1;1;(3.0, 5.0, 3.0);293;1.312925e-05
1;1;(0.0, -3.0, -4.0);287;2.643265e-06
1;1;(0.0, 3.0, 4.0);287;2.643265e-06
1;1;(0.0, -4.0, -3.0);287;2.643265e-06
1;1;(0.0, 4.0, 3.0);287;2.643265e-06
1;1;(-2.0, -5.0, -2.0);283;-2.84524e-06
1;1;(-2.0, -2.0, -5.0);283;-2.84524e-06
1;1;(2.0, 2.0, 5.0);283;-2.84524e-06
1;1;(2.0, 5.0, 2.0);283;-2.84524e-06
1;1;(-1.0, 3.0, 3.0);287;4.179285e-05
1;1;(1.0, -3.0, -3.0);287;4.179285e-05
1;1;(-5.0, -3.0, -3.0);291;3.162715e-05
1;1;(5.0, 3.0, 3.0);291;3.162715e-05
1;1;(-4.0, -4.0, -1.0);283;-8.63305e-05
1;1;(-4.0, -1.0, -4.0);283;-8.63305e-05
1;1;(4.0, 1.0, 4.0);283;-8.63305e-05
1;1;(4.0, 4.0, 1.0);283;-8.63305e-05
1;1;(-5.0, -2.0, -2.0);287;-2.53729e-05
1;1;(5.0, 2.0, 2.0);287;-2.53729e-05
1;1;(-3.0, -4.0, 0.0);283;-0.000107385
1;1;(-3.0, 0.0, -4.0);283;-0.000107385
1;1;(3.0, 0.0, 4.0);283;-0.000107385
1;1;(3.0, 4.0, 0.0);283;-0.000107385
1;1;(-2.0, 0.0, 3.0);283;5.7558e-05
1;1;(-2.0, 3.0, 0.0);283;5.7558e-05
1;1;(2.0, -3.0, 0.0);283;5.7558e-05
1;1;(2.0, 0.0, -3.0);283;5.7558e-05
1;1;(-4.0, 0.0, -3.0);283;5.0717e-05
1;1;(4.0, 0.0, 3.0);283;5.0717e-05
1;1;(-4.0, -3.0, 0.0);283;5.0717e-05
1;1;(4.0, 3.0, 0.0);283;5.0717e-05
1;1;(-3.0, 0.0, 2.0);285;0.0001222135
1;1;(-3.0, 2.0, 0.0);285;0.0001222135
1;1;(3.0, -2.0, 0.0);285;0.0001222135
1;1;(3.0, 0.0, -2.0);285;0.0001222135
1;1;(-3.0, 1.0, -3.0);283;6.85365e-08
1;1;(3.0, -1.0, 3.0);283;6.85365e-08
1;1;(-3.0, -3.0, 1.0);283;6.85365e-08
1;1;(3.0, 3.0, -1.0);283;6.85365e-08
1;1;(0.0, -3.0, 2.0);281;1.79558e-05
1;1;(0.0, -2.0, 3.0);281;1.79558e-05
1;1;(0.0, 2.0, -3.0);281;1.79558e-05
1;1;(0.0, 3.0, -2.0);281;1.79558e-05
1;1;(-2.0, -5.0, -3.0);281;2.988555e-05
1;1;(-2.0, -3.0, -5.0);281;2.988555e-05
1;1;(2.0, 3.0, 5.0);281;2.988555e-05
1;1;(2.0, 5.0, 3.0);281;2.988555e-05
1;1;(-3.0, -5.0, -2.0);279;-0.0001727795
1;1;(-3.0, -2.0, -5.0);279;-0.0001727795
1;1;(3.0, 2.0, 5.0);279;-0.0001727795
1;1;(3.0, 5.0, 2.0);279;-0.0001727795
1;1;(-5.0, -3.0, -2.0);283;-5.8506e-06
1;1;(-5.0, -2.0, -3.0);283;-5.8506e-06
1;1;(5.0, 2.0, 3.0);283;-5.8506e-06
1;1;(5.0, 3.0, 2.0);283;-5.8506e-06
1;1;(-2.0, 1.0, 3.0);279;0.000184642
1;1;(2.0, -1.0, -3.0);279;0.000184642
1;1;(-2.0, 3.0, 1.0);279;0.000184642
1;1;(2.0, -3.0, -1.0);279;0.000184642
1;1;(-3.0, -1.0, 2.0);277;-5.9028e-05
1;1;(-3.0, 2.0, -1.0);277;-5.9028e-05
1;1;(3.0, -2.0, 1.0);277;-5.9028e-05
1;1;(3.0, 1.0, -2.0);277;-5.9028e-05
1;1;(-1.0, -3.0, 2.0);275;-5.5394e-05
1;1;(-1.0, 2.0, -3.0);275;-5.5394e-05
1;1;(1.0, -2.0, 3.0);275;-5.5394e-05
1;1;(1.0, 3.0, -2.0);275;-5.5394e-05
1;1;(-3.0, -5.0, -4.0);277;-3.979035e-05
1;1;(-3.0, -4.0, -5.0);277;-3.979035e-05
1;1;(3.0, 4.0, 5.0);277;-3.979035e-05
1;1;(3.0, 5.0, 4.0);277;-3.979035e-05
1;1;(-4.0, -5.0, -3.0);273;3.05066e-05
1;1;(-4.0, -3.0, -5.0);273;3.05066e-05
1;1;(4.0, 3.0, 5.0);273;3.05066e-05
1;1;(4.0, 5.0, 3.0);273;3.05066e-05
1;1;(-5.0, -4.0, -3.0);273;0.000174201
1;1;(-5.0, -3.0, -4.0);273;0.000174201
1;1;(5.0, 3.0, 4.0);273;0.000174201
1;1;(5.0, 4.0, 3.0);273;0.000174201
1;1;(-1.0, -2.0, -5.0);265;-8.2582e-05
1;1;(1.0, 2.0, 5.0);265;-8.2582e-05
1;1;(-1.0, -5.0, -2.0);265;-8.2582e-05
1;1;(1.0, 5.0, 2.0);265;-8.2582e-05
1;1;(-2.0, -1.0, -5.0);265;1.24866e-05
1;1;(2.0, 1.0, 5.0);265;1.24866e-05
1;1;(-2.0, -5.0, -1.0);265;1.24866e-05
1;1;(2.0, 5.0, 1.0);265;1.24866e-05
1;1;(-1.0, 1.0, 4.0);265;0.0001003695
1;1;(1.0, -1.0, -4.0);265;0.0001003695
1;1;(-1.0, 4.0, 1.0);265;0.0001003695
1;1;(1.0, -4.0, -1.0);265;0.0001003695
1;1;(-3.0, 1.0, 2.0);269;-4.983495e-05
1;1;(-3.0, 2.0, 1.0);269;-4.983495e-05
1;1;(3.0, -2.0, -1.0);269;-4.983495e-05
1;1;(3.0, -1.0, -2.0);269;-4.983495e-05
1;1;(-5.0, -1.0, -2.0);269;-7.64335e-05
1;1;(5.0, 1.0, 2.0);269;-7.64335e-05
1;1;(-5.0, -2.0, -1.0);269;-7.64335e-05
1;1;(5.0, 2.0, 1.0);269;-7.64335e-05
1;1;(-1.0, 1.0, -4.0);261;0.0001655215
1;1;(1.0, -1.0, 4.0);261;0.0001655215
1;1;(-1.0, -4.0, 1.0);261;0.0001655215
1;1;(1.0, 4.0, -1.0);261;0.0001655215
1;1;(-4.0, -1.0, 1.0);267;6.8917e-06
1;1;(-4.0, 1.0, -1.0);267;6.8917e-06
1;1;(4.0, -1.0, 1.0);267;6.8917e-06
1;1;(4.0, 1.0, -1.0);267;6.8917e-06
1;1;(-2.0, -1.0, 3.0);265;2.034015e-05
1;1;(2.0, 1.0, -3.0);265;2.034015e-05
1;1;(-2.0, 3.0, -1.0);265;2.034015e-05
1;1;(2.0, -3.0, 1.0);265;2.034015e-05
1;1;(-1.0, -2.0, 3.0);265;-0.000156152
1;1;(-1.0, 3.0, -2.0);265;-0.000156152
1;1;(1.0, -3.0, 2.0);265;-0.000156152
1;1;(1.0, 2.0, -3.0);265;-0.000156152
1;1;(-2.0, -5.0, -4.0);265;-8.76425e-05
1;1;(-2.0, -4.0, -5.0);265;-8.76425e-05
1;1;(2.0, 4.0, 5.0);265;-8.76425e-05
1;1;(2.0, 5.0, 4.0);265;-8.76425e-05
1;1;(-4.0, -5.0, -4.0);267;-5.7498e-05
1;1;(-4.0, -4.0, -5.0);267;-5.7498e-05
1;1;(4.0, 4.0, 5.0);267;-5.7498e-05
1;1;(4.0, 5.0, 4.0);267;-5.7498e-05
1;1;(-5.0, -4.0, -4.0);267;0.0001409845
1;1;(5.0, 4.0, 4.0);267;0.0001409845
1;1;(-1.0, -3.0, -5.0);261;-0.000300844
1;1;(1.0, 3.0, 5.0);261;-0.000300844
1;1;(-1.0, -5.0, -3.0);261;-0.000300844
1;1;(1.0, 5.0, 3.0);261;-0.000300844
1;1;(-4.0, -2.0, -5.0);257;-0.000350494
1;1;(4.0, 2.0, 5.0);257;-0.000350494
1;1;(-4.0, -5.0, -2.0);257;-0.000350494
1;1;(4.0, 5.0, 2.0);257;-0.000350494
1;1;(-1.0, 2.0, 4.0);259;0.0001564695
1;1;(-1.0, 4.0, 2.0);259;0.0001564695
1;1;(1.0, -4.0, -2.0);259;0.0001564695
1;1;(1.0, -2.0, -4.0);259;0.0001564695
1;1;(-5.0, -4.0, -2.0);259;4.116195e-05
1;1;(-5.0, -2.0, -4.0);259;4.116195e-05
1;1;(5.0, 2.0, 4.0);259;4.116195e-05
1;1;(5.0, 4.0, 2.0);259;4.116195e-05
1;1;(-1.0, -5.0, -1.0);255;5.6323e-06
1;1;(-1.0, -1.0, -5.0);255;5.6323e-06
1;1;(1.0, 1.0, 5.0);255;5.6323e-06
1;1;(1.0, 5.0, 1.0);255;5.6323e-06
1;1;(-3.0, -5.0, -1.0);255;-0.0001249935
1;1;(-3.0, -1.0, -5.0);255;-0.0001249935
1;1;(3.0, 1.0, 5.0);255;-0.0001249935
1;1;(3.0, 5.0, 1.0);255;-0.0001249935
1;1;(-2.0, 2.0, 3.0);259;1.40015e-05
1;1;(-2.0, 3.0, 2.0);259;1.40015e-05
1;1;(2.0, -3.0, -2.0);259;1.40015e-05
1;1;(2.0, -2.0, -3.0);259;1.40015e-05
1;1;(-5.0, -3.0, -1.0);257;-4.434975e-05
1;1;(-5.0, -1.0, -3.0);257;-4.434975e-05
1;1;(5.0, 1.0, 3.0);257;-4.434975e-05
1;1;(5.0, 3.0, 1.0);257;-4.434975e-05
1;1;(-1.0, 0.0, 4.0);255;6.0735e-05
1;1;(1.0, 0.0, -4.0);255;6.0735e-05
1;1;(-1.0, 4.0, 0.0);255;6.0735e-05
1;1;(1.0, -4.0, 0.0);255;6.0735e-05
1;1;(-5.0, -1.0, -1.0);259;-4.771975e-05
1;1;(5.0, 1.0, 1.0);259;-4.771975e-05
1;1;(-4.0, 0.0, 1.0);259;9.5551e-05
1;1;(-4.0, 1.0, 0.0);259;9.5551e-05
1;1;(4.0, -1.0, 0.0);259;9.5551e-05
1;1;(4.0, 0.0, -1.0);259;9.5551e-05
1;1;(0.0, -1.0, 4.0);255;-1.921775e-05
1;1;(0.0, 1.0, -4.0);255;-1.921775e-05
1;1;(-2.0, 1.0, -4.0);253;-5.8547e-05
1;1;(0.0, -4.0, 1.0);255;-1.921775e-05
1;1;(0.0, 4.0, -1.0);255;-1.921775e-05
1;1;(2.0, -1.0, 4.0);253;-5.8547e-05
1;1;(-2.0, -4.0, 1.0);253;-5.8547e-05
1;1;(2.0, 4.0, -1.0);253;-5.8547e-05
1;1;(-4.0, -2.0, 1.0);257;3.63797e-05
1;1;(-4.0, 1.0, -2.0);257;3.63797e-05
1;1;(4.0, -1.0, 2.0);257;3.63797e-05
1;1;(4.0, 2.0, -1.0);257;3.63797e-05
1;1;(-3.0, -2.0, 2.0);255;0.000155764
1;1;(-3.0, 2.0, -2.0);255;0.000155764
1;1;(3.0, -2.0, 2.0);255;0.000155764
1;1;(3.0, 2.0, -2.0);255;0.000155764
1;1;(-2.0, -3.0, 2.0);255;-0.000247713
1;1;(-2.0, 2.0, -3.0);255;-0.000247713
1;1;(2.0, -2.0, 3.0);255;-0.000247713
1;1;(2.0, 3.0, -2.0);255;-0.000247713
1;1;(0.0, -4.0, -4.0);248;9.38575e-05
1;1;(0.0, 4.0, 4.0);248;9.38575e-05
1;1;(-4.0, -4.0, 0.0);244;8.75525e-06
1;1;(-4.0, 0.0, -4.0);244;8.75525e-06
1;1;(4.0, 0.0, 4.0);244;8.75525e-06
1;1;(4.0, 4.0, 0.0);244;8.75525e-06
1;1;(-3.0, -5.0, -5.0);245;-0.00082077
1;1;(3.0, 5.0, 5.0);245;-0.00082077
1;1;(-5.0, -3.0, -5.0);241;-0.00080326
1;1;(5.0, 3.0, 5.0);241;-0.00080326
1;1;(-5.0, -5.0, -3.0);241;-0.00080326
1;1;(5.0, 5.0, 3.0);241;-0.00080326
1;1;(0.0, -2.0, -5.0);237;-0.0002137435
1;1;(0.0, 2.0, 5.0);237;-0.0002137435
1;1;(0.0, -5.0, -2.0);237;-0.0002137435
1;1;(0.0, 5.0, 2.0);237;-0.0002137435
1;1;(-3.0, 2.0, 2.0);237;7.2004e-05
1;1;(3.0, -2.0, -2.0);237;7.2004e-05
1;1;(-2.0, 0.0, -5.0);233;-0.0002688695
1;1;(2.0, 0.0, 5.0);233;-0.0002688695
1;1;(-2.0, -5.0, 0.0);233;-0.0002688695
1;1;(2.0, 5.0, 0.0);233;-0.0002688695
1;1;(-5.0, 0.0, -2.0);237;5.7025e-05
1;1;(5.0, 0.0, 2.0);237;5.7025e-05
1;1;(-5.0, -2.0, 0.0);237;5.7025e-05
1;1;(5.0, 2.0, 0.0);237;5.7025e-05
1;1;(-2.0, -2.0, 3.0);233;-0.000139506
1;1;(-2.0, 3.0, -2.0);233;-0.000139506
1;1;(2.0, -3.0, 2.0);233;-0.000139506
1;1;(2.0, 2.0, -3.0);233;-0.000139506
1;1;(-4.0, -5.0, -5.0);241;0.0003037325
1;1;(4.0, 5.0, 5.0);241;0.0003037325
1;1;(-1.0, -4.0, -5.0);237;-2.134595e-05
1;1;(1.0, 4.0, 5.0);237;-2.134595e-05
1;1;(-1.0, -5.0, -4.0);237;-2.134595e-05
1;1;(1.0, 5.0, 4.0);237;-2.134595e-05
1;1;(-5.0, -5.0, -4.0);241;0.00078895
1;1;(-5.0, -4.0, -5.0);241;0.00078895
1;1;(5.0, 4.0, 5.0);241;0.00078895
1;1;(5.0, 5.0, 4.0);241;0.00078895
1;1;(-1.0, 3.0, 4.0);233;-1.543725e-05
1;1;(-1.0, 4.0, 3.0);233;-1.543725e-05
1;1;(1.0, -4.0, -3.0);233;-1.543725e-05
1;1;(1.0, -3.0, -4.0);233;-1.543725e-05
1;1;(0.0, -1.0, -5.0);229;3.223985e-06
1;1;(0.0, 1.0, 5.0);229;3.223985e-06
1;1;(0.0, -5.0, -1.0);229;3.223985e-06
1;1;(0.0, 5.0, 1.0);229;3.223985e-06
1;1;(-4.0, -1.0, -5.0);229;4.17285e-06
1;1;(4.0, 1.0, 5.0);229;4.17285e-06
1;1;(-4.0, -5.0, -1.0);229;4.17285e-06
1;1;(4.0, 5.0, 1.0);229;4.17285e-06
1;1;(-5.0, -1.0, -4.0);233;5.5985e-05
1;1;(5.0, 1.0, 4.0);233;5.5985e-05
1;1;(-5.0, -4.0, -1.0);233;5.5985e-05
1;1;(5.0, 4.0, 1.0);233;5.5985e-05
1;1;(-1.0, 0.0, -5.0);229;0.0001442385
1;1;(1.0, 0.0, 5.0);229;0.0001442385
1;1;(-1.0, -5.0, 0.0);229;0.0001442385
1;1;(1.0, 5.0, 0.0);229;0.0001442385
1;1;(-4.0, 1.0, 1.0);233;2.356555e-05
1;1;(4.0, -1.0, -1.0);233;2.356555e-05
1;1;(-5.0, -1.0, 0.0);233;3.831155e-05
1;1;(-5.0, 0.0, -1.0);233;3.831155e-05
1;1;(5.0, 0.0, 1.0);233;3.831155e-05
1;1;(5.0, 1.0, 0.0);233;3.831155e-05
1;1;(-1.0, -1.0, 4.0);229;2.19942e-05
1;1;(1.0, 1.0, -4.0);229;2.19942e-05
1;1;(-1.0, 4.0, -1.0);229;2.19942e-05
1;1;(1.0, -4.0, 1.0);229;2.19942e-05
1;1;(-3.0, -4.0, 1.0);229;5.45075e-06
1;1;(-3.0, 1.0, -4.0);229;5.45075e-06
1;1;(3.0, -1.0, 4.0);229;5.45075e-06
1;1;(3.0, 4.0, -1.0);229;5.45075e-06
1;1;(-4.0, 1.0, -3.0);229;-3.40321e-06
1;1;(4.0, -1.0, 3.0);229;-3.40321e-06
1;1;(-4.0, -3.0, 1.0);229;-3.40321e-06
1;1;(4.0, 3.0, -1.0);229;-3.40321e-06
1;1;(-2.0, -5.0, -5.0);229;3.75364e-05
1;1;(2.0, 5.0, 5.0);229;3.75364e-05
1;1;(-3.0, -6.0, -3.0);225;0.0004184425
1;1;(-3.0, -3.0, -6.0);225;0.0004184425
1;1;(3.0, 3.0, 6.0);225;0.0004184425
1;1;(3.0, 6.0, 3.0);225;0.0004184425
1;1;(0.0, -3.0, -5.0);225;3.23449e-05
1;1;(0.0, 3.0, 5.0);225;3.23449e-05
1;1;(0.0, -5.0, -3.0);225;3.23449e-05
1;1;(0.0, 5.0, 3.0);225;3.23449e-05
1;1;(-5.0, -2.0, -5.0);221;8.559e-06
1;1;(5.0, 2.0, 5.0);221;8.559e-06
1;1;(-5.0, -5.0, -2.0);221;8.559e-06
1;1;(5.0, 5.0, 2.0);221;8.559e-06
1;1;(-2.0, 3.0, 3.0);221;3.17992e-05
1;1;(2.0, -3.0, -3.0);221;3.17992e-05
1;1;(-6.0, -3.0, -3.0);225;5.0085e-05
1;1;(6.0, 3.0, 3.0);225;5.0085e-05
1;1;(-3.0, 0.0, -5.0);217;6.95315e-06
1;1;(3.0, 0.0, 5.0);217;6.95315e-06
1;1;(-3.0, -5.0, 0.0);217;6.95315e-06
1;1;(3.0, 5.0, 0.0);217;6.95315e-06
1;1;(-3.0, 0.0, 3.0);223;-3.506395e-05
1;1;(3.0, 0.0, -3.0);223;-3.506395e-05
1;1;(-3.0, 3.0, 0.0);223;-3.506395e-05
1;1;(3.0, -3.0, 0.0);223;-3.506395e-05
1;1;(-5.0, -3.0, 0.0);221;6.8094e-06
1;1;(-5.0, 0.0, -3.0);221;6.8094e-06
1;1;(5.0, 0.0, 3.0);221;6.8094e-06
1;1;(5.0, 3.0, 0.0);221;6.8094e-06
1;1;(-3.0, -3.0, 2.0);217;5.74185e-06
1;1;(-3.0, 2.0, -3.0);217;5.74185e-06
1;1;(3.0, -2.0, 3.0);217;5.74185e-06
1;1;(3.0, 3.0, -2.0);217;5.74185e-06
1;1;(0.0, -3.0, 3.0);219;8.03645e-05
1;1;(0.0, 3.0, -3.0);219;8.03645e-05
1;1;(-5.0, -5.0, -5.0);221;-0.00029189
1;1;(5.0, 5.0, 5.0);221;-0.00029189
1;1;(-3.0, -6.0, -4.0);221;-4.323355e-05
1;1;(-3.0, -4.0, -6.0);221;-4.323355e-05
1;1;(3.0, 4.0, 6.0);221;-4.323355e-05
1;1;(3.0, 6.0, 4.0);221;-4.323355e-05
1;1;(-2.0, -3.0, -6.0);215;4.15292e-06
1;1;(2.0, 3.0, 6.0);215;4.15292e-06
1;1;(-2.0, -6.0, -3.0);215;4.15292e-06
1;1;(2.0, 6.0, 3.0);215;4.15292e-06
1;1;(-4.0, -3.0, -6.0);217;-6.3888e-05
1;1;(4.0, 3.0, 6.0);217;-6.3888e-05
1;1;(-4.0, -6.0, -3.0);217;-6.3888e-05
1;1;(4.0, 6.0, 3.0);217;-6.3888e-05
1;1;(-3.0, -2.0, -6.0);213;-2.765675e-05
1;1;(3.0, 2.0, 6.0);213;-2.765675e-05
1;1;(-3.0, -6.0, -2.0);213;-2.765675e-05
1;1;(3.0, 6.0, 2.0);213;-2.765675e-05
1;1;(-6.0, -3.0, -4.0);217;-1.673895e-05
1;1;(6.0, 3.0, 4.0);217;-1.673895e-05
1;1;(-6.0, -4.0, -3.0);217;-1.673895e-05
1;1;(6.0, 4.0, 3.0);217;-1.673895e-05
1;1;(-6.0, -3.0, -2.0);215;2.920775e-06
1;1;(-6.0, -2.0, -3.0);215;2.920775e-06
1;1;(6.0, 2.0, 3.0);215;2.920775e-06
1;1;(6.0, 3.0, 2.0);215;2.920775e-06
1;1;(-2.0, 1.0, 4.0);213;-3.04602e-06
1;1;(2.0, -1.0, -4.0);213;-3.04602e-06
1;1;(-2.0, 4.0, 1.0);213;-3.04602e-06
1;1;(2.0, -4.0, -1.0);213;-3.04602e-06
1;1;(0.0, 0.0, -5.0);209;5.92665e-06
1;1;(0.0, 0.0, 5.0);209;5.92665e-06
1;1;(-3.0, 1.0, 3.0);215;-8.7017e-05
1;1;(-3.0, 3.0, 1.0);215;-8.7017e-05
1;1;(0.0, -5.0, 0.0);209;5.92665e-06
1;1;(0.0, 5.0, 0.0);209;5.92665e-06
1;1;(3.0, -3.0, -1.0);215;-8.7017e-05
1;1;(3.0, -1.0, -3.0);215;-8.7017e-05
1;1;(-5.0, 0.0, 0.0);213;-6.188e-05
1;1;(5.0, 0.0, 0.0);213;-6.188e-05
